INSERT IGNORE INTO usuario (USR_ID, USR_DNI, USR_NOM, USR_NOM2, USR_APE, USR_APE2, USR_DIR, USR_TEL, USR_CEL, USR_EMAIL, USR_FECH_NAC, USR_GEN, USUARIO, USR_PSWD, ROL_PRF, ROL_REPR, ROL_ADMIN, ESTADO) VALUES('ed0c7194-bf84-4907-acaa-75c8be8430d2', '1', 'Administrador', 'Administrador', 'Administrador', 'Administrador', 'Administrador', '123454632', '1232314', 'Administrador', '2023-10-17', '1', 'administrador', 'U2FsdGVkX19VTz/GYGtYPxjERLIw8BIxPZvwL7m9J2E=', 0, 0, 1, 1);
INSERT IGNORE INTO USUARIO (USR_ID, USR_DNI, USR_NOM, USR_NOM2, USR_APE, USR_APE2, USR_DIR, USR_TEL, USR_CEL, USR_EMAIL, USR_FECH_NAC, USR_GEN, USUARIO, USR_PSWD, ROL_PRF, ROL_REPR, ROL_ADMIN, ESTADO) values ('1c53fe5c-2c36-4c28-bd32-daa2bd3c765c', '9429930672', 'Feodora', 'Kinna', 'Ellaman', 'Scutching', '4 Menomonie Road', '980-404-6677', 8902316595, 'kscutching0@google.ca', '1900-12-23', 'F', 'kscutching0', '$2a$04$gqk.EgjEgJCRk8tsVkYfuubAkfsSqxI2bOQr787h/C.k/BJhhW8Tm', true, false, false, true);
INSERT IGNORE INTO USUARIO (USR_ID, USR_DNI, USR_NOM, USR_NOM2, USR_APE, USR_APE2, USR_DIR, USR_TEL, USR_CEL, USR_EMAIL, USR_FECH_NAC, USR_GEN, USUARIO, USR_PSWD, ROL_PRF, ROL_REPR, ROL_ADMIN, ESTADO) values ('64841497-02a3-41fd-bb00-4c5057343a61', '5419632322', 'Evania', 'Di', 'Loxdale', 'Bridden', '867 Shasta Parkway', '197-837-1439', 987770376, 'dbridden1@webeden.co.uk', '1924-12-28', 'F', 'dbridden1', '$2a$04$3ZxbgsFv6q7OynUd2QkVCuGnlvO5EYL5ijPKMVXq90Y/uT2EoN4dS', true, false, false, false);
INSERT IGNORE INTO USUARIO (USR_ID, USR_DNI, USR_NOM, USR_NOM2, USR_APE, USR_APE2, USR_DIR, USR_TEL, USR_CEL, USR_EMAIL, USR_FECH_NAC, USR_GEN, USUARIO, USR_PSWD, ROL_PRF, ROL_REPR, ROL_ADMIN, ESTADO) values ('894306c9-86ec-47ec-ac6e-c9e28a4d8322', '9508032960', 'Ban', 'Mortie', 'Dibbin', 'Jillions', '94 Anhalt Plaza', '795-911-5117', 8586624873, 'mjillions2@merriam-webster.com', '1990-02-01', 'M', 'mjillions2', '$2a$04$WCQQ8kTTYWYD4oISvqwe1u3KzKtKQVuHAMvopmAsaljfMavpzP93u', false, false, true, true);
INSERT IGNORE INTO USUARIO (USR_ID, USR_DNI, USR_NOM, USR_NOM2, USR_APE, USR_APE2, USR_DIR, USR_TEL, USR_CEL, USR_EMAIL, USR_FECH_NAC, USR_GEN, USUARIO, USR_PSWD, ROL_PRF, ROL_REPR, ROL_ADMIN, ESTADO) values ('c6ae7254-618d-4b9d-b854-de1232b7f0bd', '9814484725', 'Morgen', 'Jilleen', 'Suthworth', 'Wolfindale', '6 Westerfield Plaza', '541-225-0931', 671245585, 'jwolfindale3@sina.com.cn', '1929-03-02', 'F', 'jwolfindale3', '$2a$04$M8AO6IwJhRWDzPvPMlPaf.Z4pDZRo.cGBBfWBm8VUm5Ag8YIu8h06', false, false, false, false);
INSERT IGNORE INTO USUARIO (USR_ID, USR_DNI, USR_NOM, USR_NOM2, USR_APE, USR_APE2, USR_DIR, USR_TEL, USR_CEL, USR_EMAIL, USR_FECH_NAC, USR_GEN, USUARIO, USR_PSWD, ROL_PRF, ROL_REPR, ROL_ADMIN, ESTADO) values ('17c73055-ba16-467f-a444-df0964e14303', '3946905447', 'Joseito', 'Erastus', 'Phayre', 'Giannotti', '366 Graceland Hill', '213-843-3643', 4654333555, 'egiannotti4@indiegogo.com', '1927-03-11', 'M', 'egiannotti4', '$2a$04$jjdsDlHqTSnFpIcsbGb4Q.hMXeORcsrAtPhZyjNNeFYnV5DmzfLta', false, false, true, true);
INSERT IGNORE INTO USUARIO (USR_ID, USR_DNI, USR_NOM, USR_NOM2, USR_APE, USR_APE2, USR_DIR, USR_TEL, USR_CEL, USR_EMAIL, USR_FECH_NAC, USR_GEN, USUARIO, USR_PSWD, ROL_PRF, ROL_REPR, ROL_ADMIN, ESTADO) values ('8ec56f79-372f-474d-bd29-a9589ac88f85', '1900411768', 'Alicia', 'Gerianne', 'Caban', 'Razzell', '897 Logan Alley', '109-213-7803', 8905446096, 'grazzell5@ezinearticles.com', '1968-11-13', 'F', 'grazzell5', '$2a$04$4kA2Yp/PhL7FufJTketV.eb1iPCBYGr89Bjn31G9TG21ct9Wd6/kG', false, false, false, false);
INSERT IGNORE INTO USUARIO (USR_ID, USR_DNI, USR_NOM, USR_NOM2, USR_APE, USR_APE2, USR_DIR, USR_TEL, USR_CEL, USR_EMAIL, USR_FECH_NAC, USR_GEN, USUARIO, USR_PSWD, ROL_PRF, ROL_REPR, ROL_ADMIN, ESTADO) values ('ba84e349-4778-4f4b-ab78-63d55b1b2ed1', '0526828498', 'Luciano', 'Garald', 'Skermer', 'Jarret', '8473 Oak Valley Avenue', '414-879-3999', 7914776578, 'gjarret6@tinypic.com', '1991-03-02', 'M', 'gjarret6', '$2a$04$b4w4ngiRzT2VrNT.3A2W0umRCk3ahY0TGlji5.h8MvQ7hvfhorVKa', false, true, false, true);
INSERT IGNORE INTO USUARIO (USR_ID, USR_DNI, USR_NOM, USR_NOM2, USR_APE, USR_APE2, USR_DIR, USR_TEL, USR_CEL, USR_EMAIL, USR_FECH_NAC, USR_GEN, USUARIO, USR_PSWD, ROL_PRF, ROL_REPR, ROL_ADMIN, ESTADO) values ('2909ab5d-1085-400f-9561-2b22a5862ae1', '9944611387', 'Shelly', 'Perla', 'Folland', 'De Ruel', '2 Anzinger Drive', '166-999-8767', 9171362735, 'pderuel7@devhub.com', '1945-07-08', 'F', 'pderuel7', '$2a$04$fibXkBFdp3fSdPoEGdtuYuORiHAhR5Z3CXJSgiB/MFlpssKtOxzCS', false, true, false, true);
INSERT IGNORE INTO USUARIO (USR_ID, USR_DNI, USR_NOM, USR_NOM2, USR_APE, USR_APE2, USR_DIR, USR_TEL, USR_CEL, USR_EMAIL, USR_FECH_NAC, USR_GEN, USUARIO, USR_PSWD, ROL_PRF, ROL_REPR, ROL_ADMIN, ESTADO) values ('8059f63a-6396-4392-b5b0-4ed9a4b5c92b', '2866790448', 'Chucho', 'Briggs', 'Wetherill', 'Spellacey', '83881 Crowley Lane', '634-798-7439', 4402456767, 'bspellacey8@mail.ru', '1950-09-30', 'M', 'bspellacey8', '$2a$04$/XeSkPRcdv4uKmInj2Jon.knyJhpb1IBZmOsRG6qEHg0jasM8183K', false, false, true, true);
INSERT IGNORE INTO USUARIO (USR_ID, USR_DNI, USR_NOM, USR_NOM2, USR_APE, USR_APE2, USR_DIR, USR_TEL, USR_CEL, USR_EMAIL, USR_FECH_NAC, USR_GEN, USUARIO, USR_PSWD, ROL_PRF, ROL_REPR, ROL_ADMIN, ESTADO) values ('24553e3c-89fc-4915-be56-a7fbc4815ce7', '5356328885', 'Lucille', 'Luelle', 'Syseland', 'Bexon', '93071 Dovetail Parkway', '625-655-6548', 672851764, 'lbexon9@narod.ru', '1927-04-17', 'F', 'lbexon9', '$2a$04$3wzY1ny.VcC8glaYHp8.IeUjH10kEwzmM/HtezLxtfgNFXczaJz/6', true, false, false, true);
INSERT IGNORE INTO USUARIO (USR_ID, USR_DNI, USR_NOM, USR_NOM2, USR_APE, USR_APE2, USR_DIR, USR_TEL, USR_CEL, USR_EMAIL, USR_FECH_NAC, USR_GEN, USUARIO, USR_PSWD, ROL_PRF, ROL_REPR, ROL_ADMIN, ESTADO) values ('24804bf7-0f21-44c3-8e44-1ac0ea34dc8a', '2056929279', 'Almira', 'Elisa', 'Bridgman', 'Bowsher', '907 Ridge Oak Alley', '107-331-4590', 900205044, 'ebowshera@fastcompany.com', '1986-10-13', 'F', 'ebowshera', '$2a$04$fE0ch3KpTDjpkvccnjVuq.7UQ.dJ11x7TdND1F.KgKMhxjjFmAjxa', true, true, false, true);
INSERT IGNORE INTO USUARIO (USR_ID, USR_DNI, USR_NOM, USR_NOM2, USR_APE, USR_APE2, USR_DIR, USR_TEL, USR_CEL, USR_EMAIL, USR_FECH_NAC, USR_GEN, USUARIO, USR_PSWD, ROL_PRF, ROL_REPR, ROL_ADMIN, ESTADO) values ('5d385f08-6bf1-4b74-8e5d-4d180ce9754f', '0726306797', 'Angeline', 'Adelind', 'Cronchey', 'Riccio', '33188 Shasta Junction', '227-957-5528', 8874641066, 'aricciob@rambler.ru', '1913-07-14', 'F', 'aricciob', '$2a$04$FITGGH3iTbk.jw.N8U9TjerBEcKDSlcPvYYOIvoLhQM406qbAmcQ6', true, false, true, false);
INSERT IGNORE INTO USUARIO (USR_ID, USR_DNI, USR_NOM, USR_NOM2, USR_APE, USR_APE2, USR_DIR, USR_TEL, USR_CEL, USR_EMAIL, USR_FECH_NAC, USR_GEN, USUARIO, USR_PSWD, ROL_PRF, ROL_REPR, ROL_ADMIN, ESTADO) values ('ffbccb51-bff1-49ad-9829-94757e584fae', '6141792383', 'Rafaellle', 'Linc', 'Abramcik', 'Shortell', '19049 Hoepker Alley', '265-483-0338', 5539213726, 'lshortellc@jiathis.com', '1952-03-01', 'M', 'lshortellc', '$2a$04$TKIPrUBJxZjIQME5n/Ti2e80rIaj1YbUCrr39MScMHPOS.8vpRwiS', false, false, false, false);
INSERT IGNORE INTO USUARIO (USR_ID, USR_DNI, USR_NOM, USR_NOM2, USR_APE, USR_APE2, USR_DIR, USR_TEL, USR_CEL, USR_EMAIL, USR_FECH_NAC, USR_GEN, USUARIO, USR_PSWD, ROL_PRF, ROL_REPR, ROL_ADMIN, ESTADO) values ('5f513cbb-a4e3-43ff-9dc3-da4ef965f58e', '2348991268', 'Lyman', 'Linn', 'Keeping', 'MacFaul', '679 Lunder Hill', '994-479-2568', 2077602460, 'lmacfauld@tuttocitta.it', '2018-01-04', 'M', 'lmacfauld', '$2a$04$tFwPeF2Oxg66yx/BK58kr.hPzMApFtHcqyx5LlD47P7o145RQQ3aa', false, false, false, true);
INSERT IGNORE INTO USUARIO (USR_ID, USR_DNI, USR_NOM, USR_NOM2, USR_APE, USR_APE2, USR_DIR, USR_TEL, USR_CEL, USR_EMAIL, USR_FECH_NAC, USR_GEN, USUARIO, USR_PSWD, ROL_PRF, ROL_REPR, ROL_ADMIN, ESTADO) values ('8f4eb1c0-53de-49ab-97ca-13dcba901763', '4391107988', 'Jessica', 'Loren', 'McCaighey', 'Budibent', '895 Melrose Trail', '506-675-8142', 7011296707, 'lbudibente@mail.ru', '1909-05-18', 'F', 'lbudibente', '$2a$04$BoEq0teTCrVYfp22R4HhZOlchBU0Hguwdlj8QbCAUWmjBSVfWKtMi', true, false, false, false);
INSERT IGNORE INTO USUARIO (USR_ID, USR_DNI, USR_NOM, USR_NOM2, USR_APE, USR_APE2, USR_DIR, USR_TEL, USR_CEL, USR_EMAIL, USR_FECH_NAC, USR_GEN, USUARIO, USR_PSWD, ROL_PRF, ROL_REPR, ROL_ADMIN, ESTADO) values ('396293f1-9519-428f-a307-0cda7f60ad71', '6613422401', 'Shoshana', 'Madalena', 'Kelsall', 'Heal', '64 Coleman Place', '781-438-1247', 4223477767, 'mhealf@gmpg.org', '1969-07-02', 'F', 'mhealf', '$2a$04$EAb3jGHngM1cj0b5bcm0Z.kjr5jzPLylbWbGKsOm/OhunXkQ6naL.', true, false, false, false);
INSERT IGNORE INTO USUARIO (USR_ID, USR_DNI, USR_NOM, USR_NOM2, USR_APE, USR_APE2, USR_DIR, USR_TEL, USR_CEL, USR_EMAIL, USR_FECH_NAC, USR_GEN, USUARIO, USR_PSWD, ROL_PRF, ROL_REPR, ROL_ADMIN, ESTADO) values ('b9b3a7c8-2e2d-498b-a2e8-a028a879cf3f', '7818595228', 'Theo', 'Abbi', 'Clissold', 'Hinkes', '4 Bartillon Drive', '549-228-6684', 981466663, 'ahinkesg@wordpress.org', '2008-05-31', 'F', 'ahinkesg', '$2a$04$tvWVVHVfvW3maWb6nKUmZeIlIiN0sG1LvQ0TVvj0FGt2vaPH8dk0G', false, false, false, false);
INSERT IGNORE INTO USUARIO (USR_ID, USR_DNI, USR_NOM, USR_NOM2, USR_APE, USR_APE2, USR_DIR, USR_TEL, USR_CEL, USR_EMAIL, USR_FECH_NAC, USR_GEN, USUARIO, USR_PSWD, ROL_PRF, ROL_REPR, ROL_ADMIN, ESTADO) values ('e6de92d9-7ae3-46ac-8883-721efce671df', '6944785161', 'Farlie', 'Pavel', 'Craine', 'Holston', '135 Fallview Parkway', '969-814-5402', 25640544, 'pholstonh@salon.com', '1955-01-25', 'M', 'pholstonh', '$2a$04$j7AHFpXsm0It4j2t8aSoj.8qnWDANAYqHXa0BMVQLICW7U8SHqg.i', true, true, false, true);
INSERT IGNORE INTO USUARIO (USR_ID, USR_DNI, USR_NOM, USR_NOM2, USR_APE, USR_APE2, USR_DIR, USR_TEL, USR_CEL, USR_EMAIL, USR_FECH_NAC, USR_GEN, USUARIO, USR_PSWD, ROL_PRF, ROL_REPR, ROL_ADMIN, ESTADO) values ('bf9b4ef5-a39b-4b31-833b-0c598b95b0d3', '2455526488', 'Kelsi', 'Maren', 'Tregea', 'Geraudy', '62107 Pepper Wood Lane', '141-685-2282', 3086377874, 'mgeraudyi@comcast.net', '2009-05-11', 'F', 'mgeraudyi', '$2a$04$trY1.6cIryxNH49oO6xyyOV0Q9JQjhKR1JiFxe9uxNjXpUkT6KKCy', false, false, false, true);
INSERT IGNORE INTO USUARIO (USR_ID, USR_DNI, USR_NOM, USR_NOM2, USR_APE, USR_APE2, USR_DIR, USR_TEL, USR_CEL, USR_EMAIL, USR_FECH_NAC, USR_GEN, USUARIO, USR_PSWD, ROL_PRF, ROL_REPR, ROL_ADMIN, ESTADO) values ('448ca737-3356-4eba-9a9b-4e083448c751', '5041318840', 'Elvira', 'Violet', 'MacIan', 'Nutley', '63 Carpenter Drive', '524-121-7935', 5478377186, 'vnutleyj@icio.us', '2007-10-13', 'F', 'vnutleyj', '$2a$04$Vih7.HlTHwg70AOs.rWTFeVjF9Go5sJuC5Y85DrGbt/bk.hn/FXBG', false, true, true, false);
INSERT IGNORE INTO USUARIO (USR_ID, USR_DNI, USR_NOM, USR_NOM2, USR_APE, USR_APE2, USR_DIR, USR_TEL, USR_CEL, USR_EMAIL, USR_FECH_NAC, USR_GEN, USUARIO, USR_PSWD, ROL_PRF, ROL_REPR, ROL_ADMIN, ESTADO) values ('4b3cb2a1-ac1d-4abf-90f2-7caa5fb13ddb', '3230607724', 'Rochelle', 'Ddene', 'Jannasch', 'Fogden', '68368 Village Plaza', '922-194-3095', 9577317543, 'dfogdenk@washington.edu', '1995-12-27', 'F', 'dfogdenk', '$2a$04$pcoEPbs4nt48FHoqZMuqOehGoHpkXdLH.RrEIdQSLxeCjA/UyYzly', true, true, false, false);
INSERT IGNORE INTO USUARIO (USR_ID, USR_DNI, USR_NOM, USR_NOM2, USR_APE, USR_APE2, USR_DIR, USR_TEL, USR_CEL, USR_EMAIL, USR_FECH_NAC, USR_GEN, USUARIO, USR_PSWD, ROL_PRF, ROL_REPR, ROL_ADMIN, ESTADO) values ('f5fd3f9d-7e08-401d-9fce-8d0d0ec1c2c3', '9533948159', 'Arni', 'Philip', 'Luff', 'Joanaud', '94590 Little Fleur Center', '366-920-2593', 8213925811, 'pjoanaudl@altervista.org', '2014-01-20', 'M', 'pjoanaudl', '$2a$04$o9hOUGYkqDbQtOdxtSB2beV7wCFwQGhU/Dt/7qK1Zaj8g.opoDCqC', false, true, true, true);
INSERT IGNORE INTO USUARIO (USR_ID, USR_DNI, USR_NOM, USR_NOM2, USR_APE, USR_APE2, USR_DIR, USR_TEL, USR_CEL, USR_EMAIL, USR_FECH_NAC, USR_GEN, USUARIO, USR_PSWD, ROL_PRF, ROL_REPR, ROL_ADMIN, ESTADO) values ('fd2bff39-e841-4ac3-b0d7-8f39509bca3d', '0652592597', 'Grady', 'Alleyn', 'Pawfoot', 'Statefield', '13925 Prentice Avenue', '718-904-9628', 5389123697, 'astatefieldm@sitemeter.com', '1963-05-03', 'M', 'astatefieldm', '$2a$04$rWnDqL2M5bw40f4e.9kboOEme2oPBn17dux2NTOF250ou4FO/znKa', true, true, false, false);
INSERT IGNORE INTO USUARIO (USR_ID, USR_DNI, USR_NOM, USR_NOM2, USR_APE, USR_APE2, USR_DIR, USR_TEL, USR_CEL, USR_EMAIL, USR_FECH_NAC, USR_GEN, USUARIO, USR_PSWD, ROL_PRF, ROL_REPR, ROL_ADMIN, ESTADO) values ('eed35316-80ee-4c60-a10c-bf30c941d03b', '3307051563', 'Moira', 'Joyce', 'Hinken', 'Rabson', '9 Hallows Court', '824-416-6732', 8891336112, 'jrabsonn@ihg.com', '1907-07-26', 'F', 'jrabsonn', '$2a$04$bDGXAuKmRWmWPfeGR79Bl.PI/X.LEEN8Gpluwt.ArNBojjNFjMVi6', true, true, true, true);
INSERT IGNORE INTO USUARIO (USR_ID, USR_DNI, USR_NOM, USR_NOM2, USR_APE, USR_APE2, USR_DIR, USR_TEL, USR_CEL, USR_EMAIL, USR_FECH_NAC, USR_GEN, USUARIO, USR_PSWD, ROL_PRF, ROL_REPR, ROL_ADMIN, ESTADO) values ('77cf6dd2-d7d0-4a4d-9340-abfd22a1ce0d', '9200628230', 'Deloris', 'Catie', 'Burke', 'Friar', '97600 Ilene Place', '657-694-7649', 1536107039, 'cfriaro@geocities.jp', '2018-04-19', 'F', 'cfriaro', '$2a$04$krxRE.4ZydaQQhpmOqYNauoweHgXZSr8qBQ0ZdPF8gfBv.HHh8HLa', false, true, true, true);
INSERT IGNORE INTO USUARIO (USR_ID, USR_DNI, USR_NOM, USR_NOM2, USR_APE, USR_APE2, USR_DIR, USR_TEL, USR_CEL, USR_EMAIL, USR_FECH_NAC, USR_GEN, USUARIO, USR_PSWD, ROL_PRF, ROL_REPR, ROL_ADMIN, ESTADO) values ('897f45ee-c731-49fb-b0f9-39d42179e2cc', '3860066307', 'Ulysses', 'Jourdain', 'Kedslie', 'Wellstood', '176 Blue Bill Park Place', '795-254-2918', 6957663704, 'jwellstoodp@wix.com', '1931-12-14', 'M', 'jwellstoodp', '$2a$04$AZ52/RB/EylM22hnaEK2/.lnLdSJzKcUqIQ//fVI0bo3XMqrJnHpS', true, false, true, true);
INSERT IGNORE INTO USUARIO (USR_ID, USR_DNI, USR_NOM, USR_NOM2, USR_APE, USR_APE2, USR_DIR, USR_TEL, USR_CEL, USR_EMAIL, USR_FECH_NAC, USR_GEN, USUARIO, USR_PSWD, ROL_PRF, ROL_REPR, ROL_ADMIN, ESTADO) values ('9803c09f-13c5-4e43-9654-d7958093bbee', '9140537064', 'Kinna', 'Cora', 'Ties', 'Rydeard', '43 Roxbury Crossing', '949-674-2340', 915468789, 'crydeardq@cornell.edu', '1962-07-20', 'F', 'crydeardq', '$2a$04$OkSOEAdZ91OxZEppnV.S.ucj73i.OarIxOln3zIxQlIwPobWUFTyq', true, true, false, false);
INSERT IGNORE INTO USUARIO (USR_ID, USR_DNI, USR_NOM, USR_NOM2, USR_APE, USR_APE2, USR_DIR, USR_TEL, USR_CEL, USR_EMAIL, USR_FECH_NAC, USR_GEN, USUARIO, USR_PSWD, ROL_PRF, ROL_REPR, ROL_ADMIN, ESTADO) values ('b1414b0c-da9f-43e4-b066-290d18fc749a', '7324388795', 'Cort', 'Kaspar', 'MacCague', 'Tregensoe', '1 Loeprich Crossing', '258-138-8393', 6579724182, 'ktregensoer@arstechnica.com', '1955-12-04', 'M', 'ktregensoer', '$2a$04$dC2yyzQlHpjUtOa7kj/4me8XNjsUj65hNDBfDIfV9YqnLjsn..p.6', false, true, true, false);
INSERT IGNORE INTO USUARIO (USR_ID, USR_DNI, USR_NOM, USR_NOM2, USR_APE, USR_APE2, USR_DIR, USR_TEL, USR_CEL, USR_EMAIL, USR_FECH_NAC, USR_GEN, USUARIO, USR_PSWD, ROL_PRF, ROL_REPR, ROL_ADMIN, ESTADO) values ('a8ace72a-77b1-456c-a2dc-c5c3799407e9', '0498066800', 'Valdemar', 'Jarad', 'Stebbin', 'Grimestone', '71 Mockingbird Pass', '495-108-0825', 6469634866, 'jgrimestones@ustream.tv', '1964-03-26', 'M', 'jgrimestones', '$2a$04$p5Nj2OJCTZLNZ9DKHmdDAeM7lm2uLvybcWRCzakbyGCPPz01mpgxe', true, false, true, true);
INSERT IGNORE INTO USUARIO (USR_ID, USR_DNI, USR_NOM, USR_NOM2, USR_APE, USR_APE2, USR_DIR, USR_TEL, USR_CEL, USR_EMAIL, USR_FECH_NAC, USR_GEN, USUARIO, USR_PSWD, ROL_PRF, ROL_REPR, ROL_ADMIN, ESTADO) values ('31100b92-102b-40b2-9adb-984ee808d75d', '2522759124', 'Yasmin', 'Natalya', 'Karpets', 'Gellately', '26671 Carey Junction', '872-426-7801', 8100274975, 'ngellatelyt@guardian.co.uk', '1950-01-20', 'F', 'ngellatelyt', '$2a$04$DF/8A4s1oQsSrENOMTf1GOvNCFmvqw0y.T2oTVR5BRtG3Dmdkf7zG', false, false, false, false);
INSERT IGNORE INTO USUARIO (USR_ID, USR_DNI, USR_NOM, USR_NOM2, USR_APE, USR_APE2, USR_DIR, USR_TEL, USR_CEL, USR_EMAIL, USR_FECH_NAC, USR_GEN, USUARIO, USR_PSWD, ROL_PRF, ROL_REPR, ROL_ADMIN, ESTADO) values ('4d7759b6-304c-4fa2-8c5b-85d1503745fa', '4036244531', 'Alphonse', 'Tannie', 'Bentham3', 'Jagger', '2079 Doe Crossing Court', '157-957-3540', 6613842017, 'tjaggeru@deliciousdays.com', '1974-12-19', 'M', 'tjaggeru', '$2a$04$oCqIO1wipXM0ucsrzDWN2.LhovHA.O7UEoQOKVfjpLvFZyEeyC01q', false, true, false, true);
INSERT IGNORE INTO USUARIO (USR_ID, USR_DNI, USR_NOM, USR_NOM2, USR_APE, USR_APE2, USR_DIR, USR_TEL, USR_CEL, USR_EMAIL, USR_FECH_NAC, USR_GEN, USUARIO, USR_PSWD, ROL_PRF, ROL_REPR, ROL_ADMIN, ESTADO) values ('f1d86407-2f1a-499f-a573-14d62f141fab', '2084324688', 'Olivia', 'Karol', 'O''Kinedy', 'Glyde', '644 Oxford Park', '355-646-9686', 1501805243, 'kglydev@sciencedirect.com', '1910-09-02', 'F', 'kglydev', '$2a$04$s9O1LjZBF1kVsa6IBufH2uVHu7P6CYFNuaxiMrFZ2rBqOgZkPpy2C', true, true, true, false);
INSERT IGNORE INTO USUARIO (USR_ID, USR_DNI, USR_NOM, USR_NOM2, USR_APE, USR_APE2, USR_DIR, USR_TEL, USR_CEL, USR_EMAIL, USR_FECH_NAC, USR_GEN, USUARIO, USR_PSWD, ROL_PRF, ROL_REPR, ROL_ADMIN, ESTADO) values ('9b261d6c-cf60-4728-8659-90ba9f0408ec', '1183353537', 'Liz', 'Mickie', 'Salisbury', 'Wakeling', '3604 Randy Street', '609-851-5348', 8022968103, 'mwakelingw@altervista.org', '1974-05-23', 'F', 'mwakelingw', '$2a$04$YWSs7S3pkrlTfk57cPrm5e1PjTVNyQS8Zni9XRrrXJbPnasP7ZPU2', true, true, true, false);
INSERT IGNORE INTO USUARIO (USR_ID, USR_DNI, USR_NOM, USR_NOM2, USR_APE, USR_APE2, USR_DIR, USR_TEL, USR_CEL, USR_EMAIL, USR_FECH_NAC, USR_GEN, USUARIO, USR_PSWD, ROL_PRF, ROL_REPR, ROL_ADMIN, ESTADO) values ('a792bca4-b2a8-41a8-b239-674e259d0f10', '7272454431', 'Piper', 'Julia', 'Kachel', 'Sterman', '18 Fairfield Alley', '214-780-2520', 1155982548, 'jstermanx@weebly.com', '1929-06-12', 'F', 'jstermanx', '$2a$04$x5wBiIBZH/BKSfSp82VuZ.ksBBSc3uanHpLCwv9.Cc6qxM4EPkbjW', true, false, true, false);
INSERT IGNORE INTO USUARIO (USR_ID, USR_DNI, USR_NOM, USR_NOM2, USR_APE, USR_APE2, USR_DIR, USR_TEL, USR_CEL, USR_EMAIL, USR_FECH_NAC, USR_GEN, USUARIO, USR_PSWD, ROL_PRF, ROL_REPR, ROL_ADMIN, ESTADO) values ('09fa7882-d5da-4531-8c82-aca8764977d8', '0986433705', 'Trev', 'Massimiliano', 'Stearne', 'Fassam', '3492 Twin Pines Place', '787-705-5299', 8558832631, 'mfassamy@ocn.ne.jp', '2019-01-12', 'M', 'mfassamy', '$2a$04$JSbAOnk9V9jXD/lbCFuDuOFIY9GxBp6vqd.pvhcjkpX0fYpgNlFyq', true, true, false, true);
INSERT IGNORE INTO USUARIO (USR_ID, USR_DNI, USR_NOM, USR_NOM2, USR_APE, USR_APE2, USR_DIR, USR_TEL, USR_CEL, USR_EMAIL, USR_FECH_NAC, USR_GEN, USUARIO, USR_PSWD, ROL_PRF, ROL_REPR, ROL_ADMIN, ESTADO) values ('efdaa01c-d483-4cf2-a416-503f2edc1478', '2325616592', 'Davey', 'Roland', 'Bellringer', 'Gingel', '63500 Express Place', '896-473-4454', 3957066677, 'rgingelz@dagondesign.com', '1969-02-18', 'M', 'rgingelz', '$2a$04$BAt5rMM6ir7Ln9R7D6kVk.4nCiXNqaXAOcdNdVSQpV6pG2lX0pQ1u', true, false, false, false);
INSERT IGNORE INTO USUARIO (USR_ID, USR_DNI, USR_NOM, USR_NOM2, USR_APE, USR_APE2, USR_DIR, USR_TEL, USR_CEL, USR_EMAIL, USR_FECH_NAC, USR_GEN, USUARIO, USR_PSWD, ROL_PRF, ROL_REPR, ROL_ADMIN, ESTADO) values ('fdb51af1-19ae-4ea7-a983-51eed54eb3f8', '6327874991', 'Mady', 'Sarette', 'Byas', 'McDonogh', '406 Golf Plaza', '264-369-2383', 4540728214, 'smcdonogh10@ustream.tv', '1991-03-18', 'F', 'smcdonogh10', '$2a$04$kccuonAHq2yB/lU2k2GIf.VFFm.8NUvh6/naLg.gArAdrv0bnV3dW', true, true, false, false);
INSERT IGNORE INTO USUARIO (USR_ID, USR_DNI, USR_NOM, USR_NOM2, USR_APE, USR_APE2, USR_DIR, USR_TEL, USR_CEL, USR_EMAIL, USR_FECH_NAC, USR_GEN, USUARIO, USR_PSWD, ROL_PRF, ROL_REPR, ROL_ADMIN, ESTADO) values ('311af195-a94a-4608-91e2-baa44c1c5e3f', '0238568113', 'Myrtice', 'Darda', 'Kolis', 'Gresch', '3203 Kropf Point', '955-518-3652', 660731832, 'dgresch11@psu.edu', '1991-05-07', 'F', 'dgresch11', '$2a$04$jBb3JM8kxOpZSPQHpn2zyOfT6uQFXDArzuC9IILMmdy3/d7ThObE6', true, false, false, false);
INSERT IGNORE INTO USUARIO (USR_ID, USR_DNI, USR_NOM, USR_NOM2, USR_APE, USR_APE2, USR_DIR, USR_TEL, USR_CEL, USR_EMAIL, USR_FECH_NAC, USR_GEN, USUARIO, USR_PSWD, ROL_PRF, ROL_REPR, ROL_ADMIN, ESTADO) values ('e93f0c81-d964-4f18-abdb-615a74bf27b6', '0653855931', 'Lurette', 'Roobbie', 'Gillcrist', 'Riddeough', '7 Nobel Center', '247-918-5932', 4529394498, 'rriddeough12@unicef.org', '2000-01-30', 'F', 'rriddeough12', '$2a$04$7a8fFLWW7KK.c6Xe8jMhxuBsVtgDZR/YHxNHNKZxXkXkpkOQdyr6.', false, true, false, true);
INSERT IGNORE INTO USUARIO (USR_ID, USR_DNI, USR_NOM, USR_NOM2, USR_APE, USR_APE2, USR_DIR, USR_TEL, USR_CEL, USR_EMAIL, USR_FECH_NAC, USR_GEN, USUARIO, USR_PSWD, ROL_PRF, ROL_REPR, ROL_ADMIN, ESTADO) values ('ec2c9087-9f56-4414-a89c-44d91b9fea9b', '9248732232', 'Frannie', 'Benito', 'O''Crotty', 'Ferrari', '8157 Birchwood Trail', '536-830-5796', 3477240670, 'bferrari13@parallels.com', '1975-05-25', 'M', 'bferrari13', '$2a$04$7oW85fZp7tYKh.AdPXzQ9un1R2cOAEd4zA0zP5yJS7CRvZsctprLa', false, true, true, true);
INSERT IGNORE INTO USUARIO (USR_ID, USR_DNI, USR_NOM, USR_NOM2, USR_APE, USR_APE2, USR_DIR, USR_TEL, USR_CEL, USR_EMAIL, USR_FECH_NAC, USR_GEN, USUARIO, USR_PSWD, ROL_PRF, ROL_REPR, ROL_ADMIN, ESTADO) values ('f5e89a64-4233-4b60-b1f3-9958a6fe9c4b', '3282594550', 'Davie', 'Nap', 'Meneghelli', 'Heckle', '3 Bay Alley', '134-436-4792', 714667978, 'nheckle14@slideshare.net', '1934-10-13', 'M', 'nheckle14', '$2a$04$rIMmt2sFyFaZn7YF89VPPej00y2QtnregKlRIpqA9T0anGpnjN36S', false, false, false, false);
INSERT IGNORE INTO USUARIO (USR_ID, USR_DNI, USR_NOM, USR_NOM2, USR_APE, USR_APE2, USR_DIR, USR_TEL, USR_CEL, USR_EMAIL, USR_FECH_NAC, USR_GEN, USUARIO, USR_PSWD, ROL_PRF, ROL_REPR, ROL_ADMIN, ESTADO) values ('0aa00f96-2eb4-46a2-86ef-dc3ed77fb768', '4798708496', 'Marlo', 'Boot', 'Castells', 'Yoell', '458 Nobel Junction', '418-319-0390', 6481328414, 'byoell15@livejournal.com', '1982-05-15', 'M', 'byoell15', '$2a$04$Huonrjfeg97o.K71qTVgtO692umMuua0b26mXOmrpc.9nTIdcYC7G', true, true, true, false);
INSERT IGNORE INTO USUARIO (USR_ID, USR_DNI, USR_NOM, USR_NOM2, USR_APE, USR_APE2, USR_DIR, USR_TEL, USR_CEL, USR_EMAIL, USR_FECH_NAC, USR_GEN, USUARIO, USR_PSWD, ROL_PRF, ROL_REPR, ROL_ADMIN, ESTADO) values ('c0b640f6-c741-45d6-89d6-e68e069a7e80', '9457021126', 'Hazel', 'Codi', 'Rotherham', 'Pattie', '002 Butterfield Point', '356-644-8109', 2189461746, 'cpattie16@home.pl', '1998-05-14', 'M', 'cpattie16', '$2a$04$D9E4q33pQJJgRwxp9WVcx.SEfR9cmK1gRCfmMBuO6Sed48Mr77OO6', true, false, false, false);
INSERT IGNORE INTO USUARIO (USR_ID, USR_DNI, USR_NOM, USR_NOM2, USR_APE, USR_APE2, USR_DIR, USR_TEL, USR_CEL, USR_EMAIL, USR_FECH_NAC, USR_GEN, USUARIO, USR_PSWD, ROL_PRF, ROL_REPR, ROL_ADMIN, ESTADO) values ('c3a2a465-7d2b-49a8-95d7-39d82c389408', '7521560841', 'Rosie', 'Holly-anne', 'Vynoll', 'Goodale', '8 Forest Dale Trail', '124-222-1932', 3344133249, 'hgoodale17@shutterfly.com', '1930-03-16', 'F', 'hgoodale17', '$2a$04$jfV2rsk50jRiJcxccgkQ6umNCRxJcBIAhW6lEMmzN1zmTh6Uc7fya', true, false, false, false);
INSERT IGNORE INTO USUARIO (USR_ID, USR_DNI, USR_NOM, USR_NOM2, USR_APE, USR_APE2, USR_DIR, USR_TEL, USR_CEL, USR_EMAIL, USR_FECH_NAC, USR_GEN, USUARIO, USR_PSWD, ROL_PRF, ROL_REPR, ROL_ADMIN, ESTADO) values ('9c2bf28e-7e08-4d6e-9fe5-668d718048ba', '7112227879', 'Lily', 'Marigold', 'Baudouin', 'Goodbarne', '43 Holy Cross Lane', '330-404-3276', 517641080, 'mgoodbarne18@multiply.com', '1900-12-31', 'F', 'mgoodbarne18', '$2a$04$.zPED0iABAIelulIFHoxoO7ipJQqQVq4Zd8QbE5mtanaCTZji.yu6', false, false, false, true);
INSERT IGNORE INTO USUARIO (USR_ID, USR_DNI, USR_NOM, USR_NOM2, USR_APE, USR_APE2, USR_DIR, USR_TEL, USR_CEL, USR_EMAIL, USR_FECH_NAC, USR_GEN, USUARIO, USR_PSWD, ROL_PRF, ROL_REPR, ROL_ADMIN, ESTADO) values ('71fba120-7117-4456-b2a8-6643c6e4194e', '3954789671', 'Percy', 'Purcell', 'Yannoni', 'Timperley', '8 Lerdahl Lane', '270-958-5198', 1158685695, 'ptimperley19@hostgator.com', '1980-01-02', 'M', 'ptimperley19', '$2a$04$zvq690vDmk.BMku49mF1N.xDFilTGXx0Xm4OesJs.k0zWwOY2RHzi', true, false, false, false);
INSERT IGNORE INTO USUARIO (USR_ID, USR_DNI, USR_NOM, USR_NOM2, USR_APE, USR_APE2, USR_DIR, USR_TEL, USR_CEL, USR_EMAIL, USR_FECH_NAC, USR_GEN, USUARIO, USR_PSWD, ROL_PRF, ROL_REPR, ROL_ADMIN, ESTADO) values ('4bfbe9f8-4835-472f-b5c8-93dbd7c19c63', '0563370424', 'Selma', 'Lotty', 'Leblanc', 'Sikorsky', '563 Packers Crossing', '183-413-5351', 6805865186, 'lsikorsky1a@php.net', '1998-10-07', 'F', 'lsikorsky1a', '$2a$04$xJ/yRvJCuFMxWrOHQ.Lo1u5ZDCwktdORG1CHylFcBEtco/kkeCC2y', false, false, false, true);
INSERT IGNORE INTO USUARIO (USR_ID, USR_DNI, USR_NOM, USR_NOM2, USR_APE, USR_APE2, USR_DIR, USR_TEL, USR_CEL, USR_EMAIL, USR_FECH_NAC, USR_GEN, USUARIO, USR_PSWD, ROL_PRF, ROL_REPR, ROL_ADMIN, ESTADO) values ('eb5abaa1-7359-4024-a070-d2f9f7dcd459', '1191547760', 'Jesus', 'Gael', 'Gooderridge', 'Wort', '3997 Pawling Plaza', '375-484-1447', 9670468699, 'gwort1b@google.it', '1907-09-06', 'M', 'gwort1b', '$2a$04$fQBYd4IXIBcDy1Ng3gokL.tn8XuaWEDA/ZwqO.0Z06WRYolWqrHim', false, false, true, false);
INSERT IGNORE INTO USUARIO (USR_ID, USR_DNI, USR_NOM, USR_NOM2, USR_APE, USR_APE2, USR_DIR, USR_TEL, USR_CEL, USR_EMAIL, USR_FECH_NAC, USR_GEN, USUARIO, USR_PSWD, ROL_PRF, ROL_REPR, ROL_ADMIN, ESTADO) values ('2888df27-71d4-4b4c-acbd-b3760df5b379', '4018917023', 'Lari', 'Corena', 'Parcells', 'Shawdforth', '4 Pleasure Way', '471-699-5424', 2518076249, 'cshawdforth1c@mail.ru', '1997-04-22', 'F', 'cshawdforth1c', '$2a$04$EwfHOId1UrP0dV2QCS7FT.GTKKZc7aqS.KtnnsMlU/mI9Pwf4kug.', true, true, false, false);
INSERT IGNORE INTO USUARIO (USR_ID, USR_DNI, USR_NOM, USR_NOM2, USR_APE, USR_APE2, USR_DIR, USR_TEL, USR_CEL, USR_EMAIL, USR_FECH_NAC, USR_GEN, USUARIO, USR_PSWD, ROL_PRF, ROL_REPR, ROL_ADMIN, ESTADO) values ('d0a4d64a-69c1-47c4-b247-07a2bf49e7bb', '8238379172', 'Udall', 'Francis', 'Treacher', 'Ciementini', '21555 Jackson Junction', '839-128-1114', 5113112262, 'fciementini1d@ycombinator.com', '1983-03-22', 'M', 'fciementini1d', '$2a$04$FtsMh/sTX1unEfoWXkIfPe18f/Ngk82e6K0T5E7ySP7nxHul48U6G', true, false, false, false);
INSERT IGNORE INTO USUARIO (USR_ID, USR_DNI, USR_NOM, USR_NOM2, USR_APE, USR_APE2, USR_DIR, USR_TEL, USR_CEL, USR_EMAIL, USR_FECH_NAC, USR_GEN, USUARIO, USR_PSWD, ROL_PRF, ROL_REPR, ROL_ADMIN, ESTADO) values ('1138895a-3d05-46bf-9ce5-5f6e3f4c4055', '7247732873', 'Ellyn', 'Viola', 'Marzele', 'Burdon', '8 Maple Pass', '309-676-6711', 5780442937, 'vburdon1e@blog.com', '1972-02-01', 'F', 'vburdon1e', '$2a$04$j5elP6yvKh2I5PskcBiFU.CdMdeoNmVO3L86QYv5n5c/G7knsuxIO', true, true, false, true);
INSERT IGNORE INTO USUARIO (USR_ID, USR_DNI, USR_NOM, USR_NOM2, USR_APE, USR_APE2, USR_DIR, USR_TEL, USR_CEL, USR_EMAIL, USR_FECH_NAC, USR_GEN, USUARIO, USR_PSWD, ROL_PRF, ROL_REPR, ROL_ADMIN, ESTADO) values ('fb7721d2-7584-4f68-9ab5-131bb98dc103', '2609901593', 'Vittorio', 'Alanson', 'Bresner', 'Pattie', '4469 Onsgard Avenue', '321-664-5429', 5169841291, 'apattie1f@woothemes.com', '1941-01-21', 'M', 'apattie1f', '$2a$04$sM.XO2x0pxDCwjFDNt7FYeIEl6BrnG0mUmHdq/DlXM2xX1vFxSfqu', true, false, true, true);
INSERT IGNORE INTO USUARIO (USR_ID, USR_DNI, USR_NOM, USR_NOM2, USR_APE, USR_APE2, USR_DIR, USR_TEL, USR_CEL, USR_EMAIL, USR_FECH_NAC, USR_GEN, USUARIO, USR_PSWD, ROL_PRF, ROL_REPR, ROL_ADMIN, ESTADO) values ('ecf40f09-9c49-46ed-8e1c-3b0fbd3dbc96', '7440235029', 'Roderic', 'Sylvan', 'Dionisetti', 'Gollin', '3 Park Meadow Park', '445-359-1185', 4311282017, 'sgollin1g@dion.ne.jp', '1933-07-24', 'M', 'sgollin1g', '$2a$04$9LCwEl/k/mAEO6bb31SrP.Fe8xbpL.FeGVNQ0aD2B1iLfRtfw4ty2', false, false, false, true);
INSERT IGNORE INTO USUARIO (USR_ID, USR_DNI, USR_NOM, USR_NOM2, USR_APE, USR_APE2, USR_DIR, USR_TEL, USR_CEL, USR_EMAIL, USR_FECH_NAC, USR_GEN, USUARIO, USR_PSWD, ROL_PRF, ROL_REPR, ROL_ADMIN, ESTADO) values ('41e2cac0-5e62-4e25-95d0-0058461443d4', '8976241177', 'Gabrielle', 'Leoine', 'Stapells', 'Bess', '2328 Schlimgen Pass', '180-737-5263', 2097543519, 'lbess1h@si.edu', '1980-08-17', 'F', 'lbess1h', '$2a$04$Wy1s.IkNH6KkIii5qsQfQuMQI0uiEHZMbTcOKkPOeYXBPK7BCeDiq', true, true, true, false);
INSERT IGNORE INTO USUARIO (USR_ID, USR_DNI, USR_NOM, USR_NOM2, USR_APE, USR_APE2, USR_DIR, USR_TEL, USR_CEL, USR_EMAIL, USR_FECH_NAC, USR_GEN, USUARIO, USR_PSWD, ROL_PRF, ROL_REPR, ROL_ADMIN, ESTADO) values ('8be58ee6-84cc-495c-a691-914035be8f15', '3609778644', 'Igor', 'Brad', 'Donnellan', 'Featley', '556 High Crossing Place', '844-368-5523', 355816930, 'bfeatley1i@opensource.org', '1957-06-29', 'M', 'bfeatley1i', '$2a$04$m1FiKS/99qULeeEkDj7d6O9IgTDMzf1UcEtAbWxI60R9JB0NbxIcu', false, false, true, true);
INSERT IGNORE INTO USUARIO (USR_ID, USR_DNI, USR_NOM, USR_NOM2, USR_APE, USR_APE2, USR_DIR, USR_TEL, USR_CEL, USR_EMAIL, USR_FECH_NAC, USR_GEN, USUARIO, USR_PSWD, ROL_PRF, ROL_REPR, ROL_ADMIN, ESTADO) values ('e6649fb5-e603-4d96-8ea4-25910e636a79', '6907694948', 'Pall', 'Chaunce', 'Durban', 'Lamartine', '3035 Montana Center', '430-203-6850', 9986910390, 'clamartine1j@cmu.edu', '1996-12-02', 'M', 'clamartine1j', '$2a$04$lR.h2LZg/O03cU4xx8aKzuAObTCfJzQh9Jo3ZHJXlsUooTwfXGuTS', true, true, true, true);
INSERT IGNORE INTO USUARIO (USR_ID, USR_DNI, USR_NOM, USR_NOM2, USR_APE, USR_APE2, USR_DIR, USR_TEL, USR_CEL, USR_EMAIL, USR_FECH_NAC, USR_GEN, USUARIO, USR_PSWD, ROL_PRF, ROL_REPR, ROL_ADMIN, ESTADO) values ('5bd2a8a7-3730-4760-a17d-71d257b3ecf3', '2634705549', 'Clementine', 'Gene', 'Kingaby', 'Pudner', '8347 Loomis Center', '799-428-7307', 3913034966, 'gpudner1k@multiply.com', '1959-12-25', 'F', 'gpudner1k', '$2a$04$7LtfIN180jmC4FRuxJuCt.ajHhWxDVCFDUirxUs9386NKzZfq0khi', true, false, true, true);
INSERT IGNORE INTO USUARIO (USR_ID, USR_DNI, USR_NOM, USR_NOM2, USR_APE, USR_APE2, USR_DIR, USR_TEL, USR_CEL, USR_EMAIL, USR_FECH_NAC, USR_GEN, USUARIO, USR_PSWD, ROL_PRF, ROL_REPR, ROL_ADMIN, ESTADO) values ('c1b200c2-df85-44d9-9bed-3ed2353e3703', '8630264020', 'Lyn', 'Hobard', 'Bowater', 'Climo', '718 Pleasure Parkway', '888-112-9639', 61474942, 'hclimo1l@comcast.net', '1943-06-22', 'M', 'hclimo1l', '$2a$04$3XQiXaYuqz9KyQGySscgU.s8nCLz8p5kqRVWp8zG0g922X6NlAy0W', false, false, true, true);
INSERT IGNORE INTO USUARIO (USR_ID, USR_DNI, USR_NOM, USR_NOM2, USR_APE, USR_APE2, USR_DIR, USR_TEL, USR_CEL, USR_EMAIL, USR_FECH_NAC, USR_GEN, USUARIO, USR_PSWD, ROL_PRF, ROL_REPR, ROL_ADMIN, ESTADO) values ('05534948-c491-4559-9719-9643cadcdd34', '6021096991', 'Verge', 'Lem', 'Collinge', 'Gouth', '3598 Lillian Lane', '974-652-9687', 4409590838, 'lgouth1m@netlog.com', '1986-03-01', 'M', 'lgouth1m', '$2a$04$hPdoLl9cG2yYr7lkWj8CveGrgkmUo2wwo9cTMc2wjpgQQkGAIijPq', false, true, true, true);
INSERT IGNORE INTO USUARIO (USR_ID, USR_DNI, USR_NOM, USR_NOM2, USR_APE, USR_APE2, USR_DIR, USR_TEL, USR_CEL, USR_EMAIL, USR_FECH_NAC, USR_GEN, USUARIO, USR_PSWD, ROL_PRF, ROL_REPR, ROL_ADMIN, ESTADO) values ('b6ac5405-1d21-4c76-8dce-b076016e5855', '2672930104', 'Corella', 'Maddie', 'Trude', 'Bowdler', '3043 Granby Parkway', '800-474-2583', 2851345353, 'mbowdler1n@apache.org', '2013-03-11', 'F', 'mbowdler1n', '$2a$04$P.Dul6eTiyh2Zm/Q/xSsA.xpEONrDHKwUcTdxjYISQWmvUF9KfnQ6', true, false, false, false);
INSERT IGNORE INTO USUARIO (USR_ID, USR_DNI, USR_NOM, USR_NOM2, USR_APE, USR_APE2, USR_DIR, USR_TEL, USR_CEL, USR_EMAIL, USR_FECH_NAC, USR_GEN, USUARIO, USR_PSWD, ROL_PRF, ROL_REPR, ROL_ADMIN, ESTADO) values ('3164e730-dbe6-4861-b730-f0448c001868', '1121094643', 'Ange', 'Siffre', 'Castelyn', 'Howship', '7 Fuller Place', '982-387-2868', 5716357408, 'showship1o@hao123.com', '1910-05-20', 'M', 'showship1o', '$2a$04$GoG.dqn8ko9TJVWl5BmP2.tvckCQ4Sb9hQhl7LteMIVnTOpIJXwuW', false, false, false, true);
INSERT IGNORE INTO USUARIO (USR_ID, USR_DNI, USR_NOM, USR_NOM2, USR_APE, USR_APE2, USR_DIR, USR_TEL, USR_CEL, USR_EMAIL, USR_FECH_NAC, USR_GEN, USUARIO, USR_PSWD, ROL_PRF, ROL_REPR, ROL_ADMIN, ESTADO) values ('a03c0ce8-76e4-4e18-86c9-c65a59971f65', '2826775332', 'Jere', 'Adan', 'Rendle', 'Gemnett', '833 Golf Course Junction', '318-342-1367', 6627198306, 'agemnett1p@bbb.org', '1923-12-11', 'M', 'agemnett1p', '$2a$04$pZqhunROL4V6PPHX..1fmeO9LnXLNLOkLNyU2v1nEq4fp3XpP7Asm', false, false, true, true);
INSERT IGNORE INTO USUARIO (USR_ID, USR_DNI, USR_NOM, USR_NOM2, USR_APE, USR_APE2, USR_DIR, USR_TEL, USR_CEL, USR_EMAIL, USR_FECH_NAC, USR_GEN, USUARIO, USR_PSWD, ROL_PRF, ROL_REPR, ROL_ADMIN, ESTADO) values ('30074dd9-599c-48e3-9195-8946569628b3', '7991819051', 'Chucho', 'Gaile', 'McKeighan', 'Shucksmith', '4 Logan Parkway', '698-353-1948', 9897806458, 'gshucksmith1q@quantcast.com', '2007-08-31', 'M', 'gshucksmith1q', '$2a$04$tAJJBf9gNS1fu/cxmbHwau4JueimIgTI5cedntFeug/MylnkPBYju', true, true, true, true);
INSERT IGNORE INTO USUARIO (USR_ID, USR_DNI, USR_NOM, USR_NOM2, USR_APE, USR_APE2, USR_DIR, USR_TEL, USR_CEL, USR_EMAIL, USR_FECH_NAC, USR_GEN, USUARIO, USR_PSWD, ROL_PRF, ROL_REPR, ROL_ADMIN, ESTADO) values ('4ad634f6-40d0-4d0c-b2e7-f898b78c1907', '3999046880', 'Osmond', 'Thorsten', 'Thomassen', 'Brasseur', '29190 Barby Court', '774-723-8012', 5204998652, 'tbrasseur1r@nhs.uk', '1994-02-24', 'M', 'tbrasseur1r', '$2a$04$TgK5WWpFgVGEFIZMcltuhuxIMPGO02TuzFVtuVeTetaF8Z7YM3mGG', false, true, true, false);
INSERT IGNORE INTO USUARIO (USR_ID, USR_DNI, USR_NOM, USR_NOM2, USR_APE, USR_APE2, USR_DIR, USR_TEL, USR_CEL, USR_EMAIL, USR_FECH_NAC, USR_GEN, USUARIO, USR_PSWD, ROL_PRF, ROL_REPR, ROL_ADMIN, ESTADO) values ('1eb79a15-c575-4aa3-b512-76096a083a05', '2061090958', 'Tamar', 'Lorianna', 'Grey', 'Mangeot', '135 Ilene Pass', '930-660-4475', 4259793584, 'lmangeot1s@google.es', '1988-03-04', 'F', 'lmangeot1s', '$2a$04$oCi2uz4GWhYnE0Dhw9wm0eel/Ji4ULt/Ix3x2ARrtGfbQw1rJhPm.', false, true, false, false);
INSERT IGNORE INTO USUARIO (USR_ID, USR_DNI, USR_NOM, USR_NOM2, USR_APE, USR_APE2, USR_DIR, USR_TEL, USR_CEL, USR_EMAIL, USR_FECH_NAC, USR_GEN, USUARIO, USR_PSWD, ROL_PRF, ROL_REPR, ROL_ADMIN, ESTADO) values ('f36c1bb4-6cd9-485f-8aef-4608610d190b', '1608953823', 'Kynthia', 'Giustina', 'McCaskill', 'Hoyland', '710 Tomscot Road', '575-241-5462', 5629353235, 'ghoyland1t@paginegialle.it', '1942-12-26', 'F', 'ghoyland1t', '$2a$04$ueDxRAi8dfXo2ScgxQg41um0skdPevhK9mp2NOMfCuKzTyBWAYp/C', true, true, true, false);
INSERT IGNORE INTO USUARIO (USR_ID, USR_DNI, USR_NOM, USR_NOM2, USR_APE, USR_APE2, USR_DIR, USR_TEL, USR_CEL, USR_EMAIL, USR_FECH_NAC, USR_GEN, USUARIO, USR_PSWD, ROL_PRF, ROL_REPR, ROL_ADMIN, ESTADO) values ('a048b13a-2cc8-4e81-ae36-fa0507917ecc', '8594928823', 'Sibella', 'Barrie', 'Elion', 'Ferraraccio', '7 Anthes Way', '995-748-5952', 811387802, 'bferraraccio1u@sciencedaily.com', '2019-07-15', 'F', 'bferraraccio1u', '$2a$04$zoHpixk/L5buZCgvAkKlEO2.FmaY.qAycvQZ08/B/eqfyT1rXxg0K', true, true, true, true);
INSERT IGNORE INTO USUARIO (USR_ID, USR_DNI, USR_NOM, USR_NOM2, USR_APE, USR_APE2, USR_DIR, USR_TEL, USR_CEL, USR_EMAIL, USR_FECH_NAC, USR_GEN, USUARIO, USR_PSWD, ROL_PRF, ROL_REPR, ROL_ADMIN, ESTADO) values ('d946d5a1-854a-408c-947a-b491756c8b65', '6385576922', 'Betteann', 'Tamarra', 'Brookfield', 'Standish-Brooks', '3529 Laurel Street', '240-713-0418', 8626802006, 'tstandishbrooks1v@surveymonkey.com', '1926-04-23', 'F', 'tstandishbrooks1v', '$2a$04$ELnXEp1mnZjDbJMe6JkXYO7btwH3DR970ercWCxxwSOWxtSbCR96O', true, true, true, true);
INSERT IGNORE INTO USUARIO (USR_ID, USR_DNI, USR_NOM, USR_NOM2, USR_APE, USR_APE2, USR_DIR, USR_TEL, USR_CEL, USR_EMAIL, USR_FECH_NAC, USR_GEN, USUARIO, USR_PSWD, ROL_PRF, ROL_REPR, ROL_ADMIN, ESTADO) values ('eafa4855-bf7c-4742-a1e9-f5d839b6cac9', '2350100758', 'Northrup', 'Dick', 'Ramard', 'Eaton', '3 Maple Wood Avenue', '877-438-7251', 8068615362, 'deaton1w@gravatar.com', '1980-10-25', 'M', 'deaton1w', '$2a$04$9x3iwg.xB.65vGLhEgqjM.vz0aslOnxtDP70uB9zBVnmW/gk1GWc2', true, true, false, false);
INSERT IGNORE INTO USUARIO (USR_ID, USR_DNI, USR_NOM, USR_NOM2, USR_APE, USR_APE2, USR_DIR, USR_TEL, USR_CEL, USR_EMAIL, USR_FECH_NAC, USR_GEN, USUARIO, USR_PSWD, ROL_PRF, ROL_REPR, ROL_ADMIN, ESTADO) values ('c4a03d4f-947a-49a8-8f10-8b1a7bfa2ae9', '5541403154', 'Maddy', 'Andy', 'Stubbington', 'Thacker', '9740 Northport Way', '722-118-1922', 5681865011, 'athacker1x@microsoft.com', '1947-03-10', 'F', 'athacker1x', '$2a$04$80NLncpLGM5AvmXbRC3un.JAouQ81JF.OX/HKArWeZTqRwh28j4aO', false, true, false, true);
INSERT IGNORE INTO USUARIO (USR_ID, USR_DNI, USR_NOM, USR_NOM2, USR_APE, USR_APE2, USR_DIR, USR_TEL, USR_CEL, USR_EMAIL, USR_FECH_NAC, USR_GEN, USUARIO, USR_PSWD, ROL_PRF, ROL_REPR, ROL_ADMIN, ESTADO) values ('2db69051-0bfe-424e-acb4-271f20489efa', '7411277096', 'Gusti', 'Winne', 'Sabathe', 'Alliban', '0450 Arapahoe Terrace', '435-657-6901', 5421564434, 'walliban1y@amazonaws.com', '2008-06-29', 'F', 'walliban1y', '$2a$04$F7vPY2KbnpwWhKQk6D8KtOpOEaQjbG9.1xl1JnuJRw/AN6qNuGshe', true, false, false, false);
INSERT IGNORE INTO USUARIO (USR_ID, USR_DNI, USR_NOM, USR_NOM2, USR_APE, USR_APE2, USR_DIR, USR_TEL, USR_CEL, USR_EMAIL, USR_FECH_NAC, USR_GEN, USUARIO, USR_PSWD, ROL_PRF, ROL_REPR, ROL_ADMIN, ESTADO) values ('8895269d-ebcf-43c7-881d-71e8c7b4be06', '4829869100', 'Galen', 'Powell', 'Pipping', 'Eastcourt', '1150 Holmberg Court', '294-221-4866', 4141862084, 'peastcourt1z@github.io', '1981-11-01', 'M', 'peastcourt1z', '$2a$04$ZsdgKTDCIBt48usmbZQWr.3oDrUxeN.6uu9dlBTFSZV5aJbf7a24.', false, true, false, true);
INSERT IGNORE INTO USUARIO (USR_ID, USR_DNI, USR_NOM, USR_NOM2, USR_APE, USR_APE2, USR_DIR, USR_TEL, USR_CEL, USR_EMAIL, USR_FECH_NAC, USR_GEN, USUARIO, USR_PSWD, ROL_PRF, ROL_REPR, ROL_ADMIN, ESTADO) values ('d4ce3cc5-1a6d-4ea3-9ab6-443c7c50804f', '7958752792', 'Letty', 'Vilhelmina', 'Brilleman', 'Cuming', '2 Walton Court', '602-616-3656', 1512726041, 'vcuming20@phpbb.com', '1980-06-13', 'F', 'vcuming20', '$2a$04$ckt.nYMf5TC.9L0wkF6xQ.7hU.mehFH2otJPCgGhNO4du3sioxhlS', true, true, true, false);
INSERT IGNORE INTO USUARIO (USR_ID, USR_DNI, USR_NOM, USR_NOM2, USR_APE, USR_APE2, USR_DIR, USR_TEL, USR_CEL, USR_EMAIL, USR_FECH_NAC, USR_GEN, USUARIO, USR_PSWD, ROL_PRF, ROL_REPR, ROL_ADMIN, ESTADO) values ('4ff680a4-e49a-4b4a-a12e-326456dc46ee', '7654819218', 'Anastassia', 'Annabela', 'Seaking', 'Swetman', '30 Coolidge Parkway', '323-655-3995', 8125411675, 'aswetman21@infoseek.co.jp', '1924-10-20', 'F', 'aswetman21', '$2a$04$G1oBuIkPAQCq89O.vSyZ..bwOX967mscx711KVdxh253hM0v420PS', false, false, true, false);
INSERT IGNORE INTO USUARIO (USR_ID, USR_DNI, USR_NOM, USR_NOM2, USR_APE, USR_APE2, USR_DIR, USR_TEL, USR_CEL, USR_EMAIL, USR_FECH_NAC, USR_GEN, USUARIO, USR_PSWD, ROL_PRF, ROL_REPR, ROL_ADMIN, ESTADO) values ('15ec7429-6407-4f0f-bb79-3b3436b00ef1', '2155391218', 'Sherwynd', 'Marten', 'Itscowicz', 'Gillham', '46 Artisan Road', '439-686-7245', 2235847383, 'mgillham22@sciencedaily.com', '1954-04-06', 'M', 'mgillham22', '$2a$04$yIWYr4HvExWJR5C4Ge23vOsit7aCVsjEEf33Pt96KKKcrU0cKsu8y', true, true, true, true);
INSERT IGNORE INTO USUARIO (USR_ID, USR_DNI, USR_NOM, USR_NOM2, USR_APE, USR_APE2, USR_DIR, USR_TEL, USR_CEL, USR_EMAIL, USR_FECH_NAC, USR_GEN, USUARIO, USR_PSWD, ROL_PRF, ROL_REPR, ROL_ADMIN, ESTADO) values ('9ebc6df8-f0b2-42fb-9db7-c42284bd3d23', '0974871702', 'Dominic', 'Jesus', 'Sinnocke', 'Berzin', '5057 Pepper Wood Parkway', '277-883-5959', 3155385729, 'jberzin23@answers.com', '1979-08-24', 'M', 'jberzin23', '$2a$04$G/YF7BL67bybjNya2NRTx.DdlRz7dPdi9hcv1657C45JGln6TQ16y', true, false, true, false);
INSERT IGNORE INTO USUARIO (USR_ID, USR_DNI, USR_NOM, USR_NOM2, USR_APE, USR_APE2, USR_DIR, USR_TEL, USR_CEL, USR_EMAIL, USR_FECH_NAC, USR_GEN, USUARIO, USR_PSWD, ROL_PRF, ROL_REPR, ROL_ADMIN, ESTADO) values ('9afe3947-c7bf-4860-a711-b0e5c7b49422', '1360761284', 'Annabal', 'Angelle', 'Crasford', 'Menichelli', '0332 Talmadge Plaza', '418-276-8430', 3163997136, 'amenichelli24@msn.com', '1976-04-21', 'F', 'amenichelli24', '$2a$04$iwUrFIk9V.jfU0CRxWaVL.90dJkT7SBy8OPOUeTjXOb.H/Uhdu8NS', true, false, true, true);
INSERT IGNORE INTO USUARIO (USR_ID, USR_DNI, USR_NOM, USR_NOM2, USR_APE, USR_APE2, USR_DIR, USR_TEL, USR_CEL, USR_EMAIL, USR_FECH_NAC, USR_GEN, USUARIO, USR_PSWD, ROL_PRF, ROL_REPR, ROL_ADMIN, ESTADO) values ('ec297d81-62aa-434b-ba8e-371a30ed4324', '3682035192', 'Victoir', 'Mikey', 'Robjohns', 'Schall', '28 Forest Street', '708-369-4759', 3783253856, 'mschall25@tamu.edu', '1942-06-14', 'M', 'mschall25', '$2a$04$oBOmmiR3QV8IivFk55Zmqe0LOj5E5xR/ydeYYM.bRwDulWXp0ZR02', true, true, true, true);
INSERT IGNORE INTO USUARIO (USR_ID, USR_DNI, USR_NOM, USR_NOM2, USR_APE, USR_APE2, USR_DIR, USR_TEL, USR_CEL, USR_EMAIL, USR_FECH_NAC, USR_GEN, USUARIO, USR_PSWD, ROL_PRF, ROL_REPR, ROL_ADMIN, ESTADO) values ('e1351c1a-c6e5-4e63-a51d-2f0f91398610', '6650953202', 'Powell', 'Edward', 'Tower', 'MacTerlagh', '8 Cody Way', '539-823-4884', 3825132304, 'emacterlagh26@hubpages.com', '1950-04-10', 'M', 'emacterlagh26', '$2a$04$NzK1y4wFnDOHUdyq58Ji2udJYUXFUjeGtMavM4i1X2PZg3F/UUXwa', false, false, false, false);
INSERT IGNORE INTO USUARIO (USR_ID, USR_DNI, USR_NOM, USR_NOM2, USR_APE, USR_APE2, USR_DIR, USR_TEL, USR_CEL, USR_EMAIL, USR_FECH_NAC, USR_GEN, USUARIO, USR_PSWD, ROL_PRF, ROL_REPR, ROL_ADMIN, ESTADO) values ('3603b817-1af3-4f31-90ae-dd9682ec327f', '9242461679', 'Iggie', 'Conn', 'Lambell', 'Welling', '910 Fulton Pass', '407-174-7616', 8376506018, 'cwelling27@php.net', '1953-08-05', 'M', 'cwelling27', '$2a$04$/Ac16OfchW8zkLs9kvubgONSr8Y/cXdp1SJKYuzq3kQPiivrvYIaa', true, false, true, true);
INSERT IGNORE INTO USUARIO (USR_ID, USR_DNI, USR_NOM, USR_NOM2, USR_APE, USR_APE2, USR_DIR, USR_TEL, USR_CEL, USR_EMAIL, USR_FECH_NAC, USR_GEN, USUARIO, USR_PSWD, ROL_PRF, ROL_REPR, ROL_ADMIN, ESTADO) values ('c94a1f2c-6a89-4500-b430-e303a750c898', '1642120758', 'Kim', 'Kalle', 'Mabone', 'Stucksbury', '580 Gateway Circle', '110-331-7654', 2831391984, 'kstucksbury28@merriam-webster.com', '2018-08-10', 'M', 'kstucksbury28', '$2a$04$kr.jROwWifcKUuhkkAu6nOlK0NHBaU5wu3zrpc35cNfF0XWOV0Uf.', true, false, true, true);
INSERT IGNORE INTO USUARIO (USR_ID, USR_DNI, USR_NOM, USR_NOM2, USR_APE, USR_APE2, USR_DIR, USR_TEL, USR_CEL, USR_EMAIL, USR_FECH_NAC, USR_GEN, USUARIO, USR_PSWD, ROL_PRF, ROL_REPR, ROL_ADMIN, ESTADO) values ('d918ab72-372e-456a-a4fb-3e68c06af585', '6613062952', 'Saxe', 'Harbert', 'Dudeney', 'Cunningham', '26 Florence Street', '811-357-3225', 2676559200, 'hcunningham29@mapy.cz', '1981-06-28', 'M', 'hcunningham29', '$2a$04$r9mMIylz9UL/R.TaB//wzOC7HmDxjPxNnze9c0h/MnBQFYDUxOzRe', true, false, false, false);
INSERT IGNORE INTO USUARIO (USR_ID, USR_DNI, USR_NOM, USR_NOM2, USR_APE, USR_APE2, USR_DIR, USR_TEL, USR_CEL, USR_EMAIL, USR_FECH_NAC, USR_GEN, USUARIO, USR_PSWD, ROL_PRF, ROL_REPR, ROL_ADMIN, ESTADO) values ('90dab093-285d-4438-b10d-83a63d3743f3', '7656604030', 'Haley', 'Rudolph', 'Blaydes', 'Coolbear', '89596 Shelley Parkway', '499-810-0326', 1545778992, 'rcoolbear2a@nydailynews.com', '1911-04-28', 'M', 'rcoolbear2a', '$2a$04$t6idVwKqda69evCbcMNjCOxpTX6Uk3h7A0cE3v37D1Ve.joONW6Gy', true, true, true, false);
INSERT IGNORE INTO USUARIO (USR_ID, USR_DNI, USR_NOM, USR_NOM2, USR_APE, USR_APE2, USR_DIR, USR_TEL, USR_CEL, USR_EMAIL, USR_FECH_NAC, USR_GEN, USUARIO, USR_PSWD, ROL_PRF, ROL_REPR, ROL_ADMIN, ESTADO) values ('b035f041-6792-4dbf-bda6-b7c6fe116296', '3017503542', 'Nealon', 'Richardo', 'Spriddle', 'Phair', '2290 Rutledge Point', '318-265-4355', 3645460854, 'rphair2b@dion.ne.jp', '1971-08-11', 'M', 'rphair2b', '$2a$04$stYDpvPDpsas./N08uuOn...MrBsdO31uQ9RvZnfH59Dei7HWGh2q', true, true, true, true);
INSERT IGNORE INTO USUARIO (USR_ID, USR_DNI, USR_NOM, USR_NOM2, USR_APE, USR_APE2, USR_DIR, USR_TEL, USR_CEL, USR_EMAIL, USR_FECH_NAC, USR_GEN, USUARIO, USR_PSWD, ROL_PRF, ROL_REPR, ROL_ADMIN, ESTADO) values ('75cf5223-7c7c-41af-8455-3c44c33b1049', '7617787391', 'Marve', 'Holly', 'Rigmond', 'Bickerdicke', '29 Burning Wood Lane', '295-729-6146', 8415200546, 'hbickerdicke2c@webnode.com', '1924-12-23', 'M', 'hbickerdicke2c', '$2a$04$kXqG.OMSbGVpDgiA3UiW2.BcUJmPr41HZT.zadMHrM8qS6niaLWV.', false, true, true, true);
INSERT IGNORE INTO USUARIO (USR_ID, USR_DNI, USR_NOM, USR_NOM2, USR_APE, USR_APE2, USR_DIR, USR_TEL, USR_CEL, USR_EMAIL, USR_FECH_NAC, USR_GEN, USUARIO, USR_PSWD, ROL_PRF, ROL_REPR, ROL_ADMIN, ESTADO) values ('bd3bd810-70e3-4333-94c4-6faf4cbe3369', '0732847672', 'Fraze', 'Fletch', 'Balbeck', 'Sirl', '93838 Colorado Way', '335-513-2742', 841152522, 'fsirl2d@thetimes.co.uk', '1929-12-17', 'M', 'fsirl2d', '$2a$04$KVWlHVxfBEud80/7q6XLSewKZXZ3/MtAgefju8MEH/gYPJEI7XUqS', false, true, true, true);
INSERT IGNORE INTO USUARIO (USR_ID, USR_DNI, USR_NOM, USR_NOM2, USR_APE, USR_APE2, USR_DIR, USR_TEL, USR_CEL, USR_EMAIL, USR_FECH_NAC, USR_GEN, USUARIO, USR_PSWD, ROL_PRF, ROL_REPR, ROL_ADMIN, ESTADO) values ('0a4a826d-74a2-4f82-9b79-58722a318a97', '1770457976', 'Orazio', 'Cyrill', 'Cadlock', 'Hairsnape', '33297 Truax Center', '480-400-3234', 8331941222, 'chairsnape2e@ftc.gov', '1918-07-18', 'M', 'chairsnape2e', '$2a$04$JdVyXASN/Q24.tcUbfGpKuIfC8k19x6lytwdkmzBB2T0GgxZK6zpy', false, false, true, true);
INSERT IGNORE INTO USUARIO (USR_ID, USR_DNI, USR_NOM, USR_NOM2, USR_APE, USR_APE2, USR_DIR, USR_TEL, USR_CEL, USR_EMAIL, USR_FECH_NAC, USR_GEN, USUARIO, USR_PSWD, ROL_PRF, ROL_REPR, ROL_ADMIN, ESTADO) values ('861c0784-25c7-46c4-98ca-e93ef23e76db', '3410573429', 'Homerus', 'Jean', 'Grigaut', 'Nitti', '70994 Old Shore Alley', '919-217-3866', 1315298255, 'jnitti2f@xing.com', '1903-08-20', 'M', 'jnitti2f', '$2a$04$uT4JOsKyu8/So7u18MjmuOz.BSJzE/5cpXaHMyy4k0kAlo9kgnACy', true, false, true, false);
INSERT IGNORE INTO USUARIO (USR_ID, USR_DNI, USR_NOM, USR_NOM2, USR_APE, USR_APE2, USR_DIR, USR_TEL, USR_CEL, USR_EMAIL, USR_FECH_NAC, USR_GEN, USUARIO, USR_PSWD, ROL_PRF, ROL_REPR, ROL_ADMIN, ESTADO) values ('1858b6f8-be0e-4251-9557-321bffe7ccf5', '5933617989', 'Locke', 'Noby', 'Darleston', 'Mabbs', '51499 Maryland Crossing', '939-763-5908', 305451857, 'nmabbs2g@wiley.com', '1930-02-15', 'M', 'nmabbs2g', '$2a$04$AJg9KDfV5FVo8joSfgeg/eg0SebHmRWMSxTFuXWuSaL3HKr2NFYTC', false, true, false, false);
INSERT IGNORE INTO USUARIO (USR_ID, USR_DNI, USR_NOM, USR_NOM2, USR_APE, USR_APE2, USR_DIR, USR_TEL, USR_CEL, USR_EMAIL, USR_FECH_NAC, USR_GEN, USUARIO, USR_PSWD, ROL_PRF, ROL_REPR, ROL_ADMIN, ESTADO) values ('b76efa8a-d34e-4326-b1da-fedfd3789cfb', '4878771933', 'Carver', 'Lyle', 'Drinkeld', 'Fist', '31 Scott Avenue', '371-898-2519', 7337702725, 'lfist2h@comsenz.com', '1941-10-03', 'M', 'lfist2h', '$2a$04$BeV1eWMzFMgX/YJjo0QFX.PjFZdTR2TDEJqLS/TtJgc2fu4E9OgMK', false, false, false, false);
INSERT IGNORE INTO USUARIO (USR_ID, USR_DNI, USR_NOM, USR_NOM2, USR_APE, USR_APE2, USR_DIR, USR_TEL, USR_CEL, USR_EMAIL, USR_FECH_NAC, USR_GEN, USUARIO, USR_PSWD, ROL_PRF, ROL_REPR, ROL_ADMIN, ESTADO) values ('cf1df8da-a9de-4990-9fbd-faf3a6aee37b', '6613401498', 'David', 'Christoper', 'Ewings', 'Glackin', '279 Bobwhite Parkway', '632-161-2237', 8138322671, 'cglackin2i@amazon.com', '1918-05-21', 'M', 'cglackin2i', '$2a$04$1d/9xyr8XCtYUbOlgUUCRuXuROLAF/dLAoX9lM7yTHYWzSCMrY1Om', false, false, true, false);
INSERT IGNORE INTO USUARIO (USR_ID, USR_DNI, USR_NOM, USR_NOM2, USR_APE, USR_APE2, USR_DIR, USR_TEL, USR_CEL, USR_EMAIL, USR_FECH_NAC, USR_GEN, USUARIO, USR_PSWD, ROL_PRF, ROL_REPR, ROL_ADMIN, ESTADO) values ('6d8f4e5b-b6ba-4c86-99e1-36b405b880de', '3734058392', 'Shell', 'Millie', 'Goad', 'Waycot', '578 Raven Point', '725-789-1629', 9742949497, 'mwaycot2j@godaddy.com', '1916-02-19', 'F', 'mwaycot2j', '$2a$04$Q7vHnz8V9nNdBeyL1A/ErekUIFLirjFM9Ho3uSGI7X9h.eS0UHpAC', false, false, true, false);
INSERT IGNORE INTO USUARIO (USR_ID, USR_DNI, USR_NOM, USR_NOM2, USR_APE, USR_APE2, USR_DIR, USR_TEL, USR_CEL, USR_EMAIL, USR_FECH_NAC, USR_GEN, USUARIO, USR_PSWD, ROL_PRF, ROL_REPR, ROL_ADMIN, ESTADO) values ('fbc50126-14e9-4454-a00f-088a70b1fda7', '7931565347', 'Morna', 'Deeanne', 'Sugge', 'McAlarney', '81 Larry Junction', '398-900-0750', 2576290683, 'dmcalarney2k@weebly.com', '2012-10-13', 'F', 'dmcalarney2k', '$2a$04$cLXTC0LTYKsFt1wcmYTSdO5.QRT/WC73y.WWNnkrwQONY9HHeN2Vi', true, true, false, false);
INSERT IGNORE INTO USUARIO (USR_ID, USR_DNI, USR_NOM, USR_NOM2, USR_APE, USR_APE2, USR_DIR, USR_TEL, USR_CEL, USR_EMAIL, USR_FECH_NAC, USR_GEN, USUARIO, USR_PSWD, ROL_PRF, ROL_REPR, ROL_ADMIN, ESTADO) values ('b6131607-5de7-4197-8f4c-0b3726e35966', '8741666097', 'Barney', 'Antone', 'Bushel', 'Chace', '133 Oak Valley Drive', '397-740-9596', 6114538031, 'achace2l@google.com.au', '1940-02-20', 'M', 'achace2l', '$2a$04$lTKMoXVj5hP73PcRpSFsKuEG6fvKrx/51zr5WZsiEo4QMfoOtwdIW', true, false, true, true);
INSERT IGNORE INTO USUARIO (USR_ID, USR_DNI, USR_NOM, USR_NOM2, USR_APE, USR_APE2, USR_DIR, USR_TEL, USR_CEL, USR_EMAIL, USR_FECH_NAC, USR_GEN, USUARIO, USR_PSWD, ROL_PRF, ROL_REPR, ROL_ADMIN, ESTADO) values ('d90c848f-ed26-41d3-866c-5d42427ea4cd', '0412561700', 'Jaquelin', 'Allie', 'Stubbert', 'Lornsen', '941 Sundown Lane', '333-520-7089', 3980771554, 'alornsen2m@myspace.com', '1929-10-09', 'F', 'alornsen2m', '$2a$04$kYEH7WqwbUXecKTV4vJUjukIUIBg2t6NV14wdipuIaJ9kh5.eFPfK', false, false, false, false);
INSERT IGNORE INTO USUARIO (USR_ID, USR_DNI, USR_NOM, USR_NOM2, USR_APE, USR_APE2, USR_DIR, USR_TEL, USR_CEL, USR_EMAIL, USR_FECH_NAC, USR_GEN, USUARIO, USR_PSWD, ROL_PRF, ROL_REPR, ROL_ADMIN, ESTADO) values ('1653b3e5-ebd5-4e90-bfc2-457f1bf8f3de', '8953235987', 'Paxon', 'Emmit', 'Leggon', 'Sidery', '262 Kings Street', '260-457-2510', 6469823769, 'esidery2n@wired.com', '1936-07-22', 'M', 'esidery2n', '$2a$04$cQc6xc1crU8tkvT.MhNV5u8R5Hu7RPtdxF1bU/ifphU7qkjkPTvC6', false, false, true, false);
INSERT IGNORE INTO USUARIO (USR_ID, USR_DNI, USR_NOM, USR_NOM2, USR_APE, USR_APE2, USR_DIR, USR_TEL, USR_CEL, USR_EMAIL, USR_FECH_NAC, USR_GEN, USUARIO, USR_PSWD, ROL_PRF, ROL_REPR, ROL_ADMIN, ESTADO) values ('a2e8ce28-6503-4628-aac5-92c5da321228', '6257898382', 'Benjy', 'Brit', 'Lahy', 'Ferfulle', '2327 Morningstar Point', '665-849-8310', 689297577, 'bferfulle2o@si.edu', '1919-11-05', 'M', 'bferfulle2o', '$2a$04$D3Ok8q08TmMwsPwVRaqKlOrTuAnf1SwZocAjWT6GS57ooBxAqZvda', false, false, true, true);
INSERT IGNORE INTO USUARIO (USR_ID, USR_DNI, USR_NOM, USR_NOM2, USR_APE, USR_APE2, USR_DIR, USR_TEL, USR_CEL, USR_EMAIL, USR_FECH_NAC, USR_GEN, USUARIO, USR_PSWD, ROL_PRF, ROL_REPR, ROL_ADMIN, ESTADO) values ('27a7a9d3-4511-4fa9-89ff-6fd33f1444da', '4847369203', 'Lynda', 'Lisa', 'Sherar', 'Bilsland', '2 Victoria Road', '653-503-7826', 7914694436, 'lbilsland2p@rediff.com', '2017-02-21', 'F', 'lbilsland2p', '$2a$04$.iY.Yr6Yl2vCt7Nz6c6pne4Lw1I2TSIIvl4pI.VCLJj4iab3R56xG', true, false, true, true);
INSERT IGNORE INTO USUARIO (USR_ID, USR_DNI, USR_NOM, USR_NOM2, USR_APE, USR_APE2, USR_DIR, USR_TEL, USR_CEL, USR_EMAIL, USR_FECH_NAC, USR_GEN, USUARIO, USR_PSWD, ROL_PRF, ROL_REPR, ROL_ADMIN, ESTADO) values ('bbbed854-21d3-4665-9fb5-1d36249195f8', '2988160384', 'Ernst', 'Welsh', 'Kitchin', 'Matteucci', '35815 Everett Crossing', '994-539-8570', 945865437, 'wmatteucci2q@youtube.com', '1937-09-16', 'M', 'wmatteucci2q', '$2a$04$0m/gAVx7BeRYP1nnqWm3n.jDivu8P5KpBN3f2I2wx.u8twVTqzEx6', true, false, false, false);
INSERT IGNORE INTO USUARIO (USR_ID, USR_DNI, USR_NOM, USR_NOM2, USR_APE, USR_APE2, USR_DIR, USR_TEL, USR_CEL, USR_EMAIL, USR_FECH_NAC, USR_GEN, USUARIO, USR_PSWD, ROL_PRF, ROL_REPR, ROL_ADMIN, ESTADO) values ('a69b8f46-349f-481e-a1cd-20ce76aabf9b', '1352183943', 'Cesare', 'Eddie', 'Dochon', 'Coatts', '8880 Quincy Terrace', '748-808-6147', 7403963816, 'ecoatts2r@gov.uk', '1928-11-30', 'M', 'ecoatts2r', '$2a$04$DwmIodFcydgxioQnAkVmL.BHJapPBCDIe5AFhbbdQVdEzRLYqykeu', false, true, false, false);
INSERT IGNORE INTO AREA (AREA_ID, AREA_NOM, ESTADO) values ('f0f6e140-e841-434d-90bf-e260e15c9ab1', 'area1', false);
INSERT IGNORE INTO AREA (AREA_ID, AREA_NOM, ESTADO) values ('2f7ce0bb-2c0f-46ad-8530-e1014518a8c6', 'area2', true);
INSERT IGNORE INTO AREA (AREA_ID, AREA_NOM, ESTADO) values ('5097408b-df79-4314-9111-b11feaa8eae9', 'area3', false);
INSERT IGNORE INTO AREA (AREA_ID, AREA_NOM, ESTADO) values ('a5223bac-ea98-4cbc-9da6-4152f3640671', 'area4', true);
INSERT IGNORE INTO AREA (AREA_ID, AREA_NOM, ESTADO) values ('3346a419-3c7e-4ac2-9450-1fc37a690ace', 'area5', true);
INSERT IGNORE INTO AREA (AREA_ID, AREA_NOM, ESTADO) values ('f466aeba-658f-41c2-8358-d4ca97ce591c', 'area6', true);
INSERT IGNORE INTO AREA (AREA_ID, AREA_NOM, ESTADO) values ('88f05918-6a74-4ee1-bb2a-480a0857817b', 'area7', false);
INSERT IGNORE INTO AREA (AREA_ID, AREA_NOM, ESTADO) values ('7e5abbd2-945c-46cc-8914-842fc43f1494', 'area8', true);
INSERT IGNORE INTO AREA (AREA_ID, AREA_NOM, ESTADO) values ('7cb35789-e295-4a25-b94d-7b9fe913d423', 'area9', true);
INSERT IGNORE INTO AREA (AREA_ID, AREA_NOM, ESTADO) values ('d98f95c9-735a-461e-b291-4f216e86dbbe', 'area10', false);
INSERT IGNORE INTO AREA (AREA_ID, AREA_NOM, ESTADO) values ('addfc5d1-27fb-4e06-b781-ddc466d96d5f', 'area11', false);
INSERT IGNORE INTO AREA (AREA_ID, AREA_NOM, ESTADO) values ('6ff3f835-6f21-45e7-97ed-bb6d5c52ec30', 'area12', true);
INSERT IGNORE INTO AREA (AREA_ID, AREA_NOM, ESTADO) values ('62814f15-42ee-463d-8268-d7ea83c599f0', 'area13', false);
INSERT IGNORE INTO AREA (AREA_ID, AREA_NOM, ESTADO) values ('3b9070f7-5d69-49d3-8931-2f319e7cc374', 'area14', true);
INSERT IGNORE INTO AREA (AREA_ID, AREA_NOM, ESTADO) values ('0eb55d02-3c85-4892-88ce-ed9ac1a79812', 'area15', true);
INSERT IGNORE INTO AREA (AREA_ID, AREA_NOM, ESTADO) values ('6e83f078-238d-48a6-823a-a88981f5ceb6', 'area16', false);
INSERT IGNORE INTO AREA (AREA_ID, AREA_NOM, ESTADO) values ('7f31be9f-d1fd-4380-b6b3-bde07992266c', 'area17', false);
INSERT IGNORE INTO AREA (AREA_ID, AREA_NOM, ESTADO) values ('d6207d85-3407-4b17-a3fc-ef5cdbf341aa', 'area18', true);
INSERT IGNORE INTO AREA (AREA_ID, AREA_NOM, ESTADO) values ('f020e0cf-5298-4cd9-832a-47214d19caba', 'area19', true);
INSERT IGNORE INTO AREA (AREA_ID, AREA_NOM, ESTADO) values ('511239a3-87b7-4024-985e-a79a8b0af398', 'area20', false);
INSERT IGNORE INTO ASIGNATURA (ASG_ID, ASG_NOM, ASG_TIPO, AREA_ID, ESTADO) values ('d1ed5c02-43e2-4fae-ba6d-44ad4077d262', 'asignatura1', 'CUALITATIVA', 'd6207d85-3407-4b17-a3fc-ef5cdbf341aa', true);
INSERT IGNORE INTO ASIGNATURA (ASG_ID, ASG_NOM, ASG_TIPO, AREA_ID, ESTADO) values ('3da87c75-a6a1-4b0d-bacc-43218caec8a4', 'asignatura2', 'CUALITATIVA', '511239a3-87b7-4024-985e-a79a8b0af398', true);
INSERT IGNORE INTO ASIGNATURA (ASG_ID, ASG_NOM, ASG_TIPO, AREA_ID, ESTADO) values ('6bb9793a-f7b6-4d9b-b0f1-8b64887b8024', 'asignatura3', 'CUANTITATIVA', 'd6207d85-3407-4b17-a3fc-ef5cdbf341aa', true);
INSERT IGNORE INTO ASIGNATURA (ASG_ID, ASG_NOM, ASG_TIPO, AREA_ID, ESTADO) values ('87f492b9-6350-4231-9ded-22685d2bdb3f', 'asignatura4', 'CUALITATIVA', 'a5223bac-ea98-4cbc-9da6-4152f3640671', true);
INSERT IGNORE INTO ASIGNATURA (ASG_ID, ASG_NOM, ASG_TIPO, AREA_ID, ESTADO) values ('b556c61c-14cf-4416-9846-01bd31fbb781', 'asignatura5', 'CUALITATIVA', '3346a419-3c7e-4ac2-9450-1fc37a690ace', true);
INSERT IGNORE INTO ASIGNATURA (ASG_ID, ASG_NOM, ASG_TIPO, AREA_ID, ESTADO) values ('c0dc584b-329d-4143-957a-b1f4a5d869ea', 'asignatura6', 'CUANTITATIVA', '3346a419-3c7e-4ac2-9450-1fc37a690ace', true);
INSERT IGNORE INTO ASIGNATURA (ASG_ID, ASG_NOM, ASG_TIPO, AREA_ID, ESTADO) values ('82eca7e7-7b36-424b-b0da-e384946eb208', 'asignatura7', 'CUANTITATIVA', '7cb35789-e295-4a25-b94d-7b9fe913d423', true);
INSERT IGNORE INTO ASIGNATURA (ASG_ID, ASG_NOM, ASG_TIPO, AREA_ID, ESTADO) values ('2fd4e01e-3f9f-4f2c-b1d2-19b7b0cba363', 'asignatura8', 'CUALITATIVA', '6e83f078-238d-48a6-823a-a88981f5ceb6', true);
INSERT IGNORE INTO ASIGNATURA (ASG_ID, ASG_NOM, ASG_TIPO, AREA_ID, ESTADO) values ('a7710e47-1a15-4bca-868c-4ca572814045', 'asignatura9', 'CUALITATIVA', '2f7ce0bb-2c0f-46ad-8530-e1014518a8c6', true);
INSERT IGNORE INTO ASIGNATURA (ASG_ID, ASG_NOM, ASG_TIPO, AREA_ID, ESTADO) values ('e9a8b772-3972-47f8-b691-a73f8585d1ee', 'asignatura10', 'CUANTITATIVA', '7cb35789-e295-4a25-b94d-7b9fe913d423', true);
INSERT IGNORE INTO ASIGNATURA (ASG_ID, ASG_NOM, ASG_TIPO, AREA_ID, ESTADO) values ('2dec6765-a2f7-43b3-9ce5-640025b606d8', 'asignatura11', 'CUANTITATIVA', '3b9070f7-5d69-49d3-8931-2f319e7cc374', true);
INSERT IGNORE INTO ASIGNATURA (ASG_ID, ASG_NOM, ASG_TIPO, AREA_ID, ESTADO) values ('b0f54c75-5690-47f6-9d98-08a452717eda', 'asignatura12', 'CUALITATIVA', '7e5abbd2-945c-46cc-8914-842fc43f1494', true);
INSERT IGNORE INTO ASIGNATURA (ASG_ID, ASG_NOM, ASG_TIPO, AREA_ID, ESTADO) values ('86ea3e58-f5d4-489b-af2e-918c6064f096', 'asignatura13', 'CUALITATIVA', '7e5abbd2-945c-46cc-8914-842fc43f1494', true);
INSERT IGNORE INTO ASIGNATURA (ASG_ID, ASG_NOM, ASG_TIPO, AREA_ID, ESTADO) values ('09dff94b-0de2-4a1c-b630-49fbfb00be18', 'asignatura14', 'CUALITATIVA', '2f7ce0bb-2c0f-46ad-8530-e1014518a8c6', true);
INSERT IGNORE INTO ASIGNATURA (ASG_ID, ASG_NOM, ASG_TIPO, AREA_ID, ESTADO) values ('2f1b3a05-372d-4f0e-b844-5b5b16c23949', 'asignatura15', 'CUANTITATIVA', '511239a3-87b7-4024-985e-a79a8b0af398', true);
INSERT IGNORE INTO ASIGNATURA (ASG_ID, ASG_NOM, ASG_TIPO, AREA_ID, ESTADO) values ('21ba5085-78a1-43c7-b9cc-cbb48807108e', 'asignatura16', 'CUALITATIVA', '3346a419-3c7e-4ac2-9450-1fc37a690ace', true);
INSERT IGNORE INTO ASIGNATURA (ASG_ID, ASG_NOM, ASG_TIPO, AREA_ID, ESTADO) values ('f6532306-e0e3-484c-a471-1324f0354b3e', 'asignatura17', 'CUANTITATIVA', '7e5abbd2-945c-46cc-8914-842fc43f1494', true);
INSERT IGNORE INTO ASIGNATURA (ASG_ID, ASG_NOM, ASG_TIPO, AREA_ID, ESTADO) values ('a5d5a84a-8986-406c-98d0-1c3e1f412c26', 'asignatura18', 'CUALITATIVA', 'd6207d85-3407-4b17-a3fc-ef5cdbf341aa', true);
INSERT IGNORE INTO ASIGNATURA (ASG_ID, ASG_NOM, ASG_TIPO, AREA_ID, ESTADO) values ('eb67b838-9ebf-4630-b9b0-d9f3e2fce8e4', 'asignatura19', 'CUANTITATIVA', '6ff3f835-6f21-45e7-97ed-bb6d5c52ec30', true);
INSERT IGNORE INTO ASIGNATURA (ASG_ID, ASG_NOM, ASG_TIPO, AREA_ID, ESTADO) values ('8a7153f7-0b21-468e-8987-58eca59930b6', 'asignatura20', 'CUANTITATIVA', 'a5223bac-ea98-4cbc-9da6-4152f3640671', true);
INSERT IGNORE INTO CURSO (CRS_ID, CRS_NOM, CRS_TIPO, CRS_ORDEN, ESTADO) values ('8a9f434f-6327-4ad4-bb94-9c90594bd6ef', 1, 'EGB', 1, true);
INSERT IGNORE INTO CURSO (CRS_ID, CRS_NOM, CRS_TIPO, CRS_ORDEN, ESTADO) values ('6f8c9041-2172-4aee-9986-59a33355c91e', 2, 'EGB', 2, true);
INSERT IGNORE INTO CURSO (CRS_ID, CRS_NOM, CRS_TIPO, CRS_ORDEN, ESTADO) values ('07a7bba2-5d49-4295-9791-eaacc8e766f7', 3, 'EGB', 3, true);
INSERT IGNORE INTO CURSO (CRS_ID, CRS_NOM, CRS_TIPO, CRS_ORDEN, ESTADO) values ('caca5d0a-c840-4167-90ca-e6308b4420c8', 4, 'EGB', 4, true);
INSERT IGNORE INTO CURSO (CRS_ID, CRS_NOM, CRS_TIPO, CRS_ORDEN, ESTADO) values ('ad75a414-b8f5-4427-bf6d-37079ec62322', 5, 'EGB', 5, true);
INSERT IGNORE INTO CURSO (CRS_ID, CRS_NOM, CRS_TIPO, CRS_ORDEN, ESTADO) values ('9724d57d-591f-4d13-8a67-03de034972d5', 6, 'EGB', 6, true);
INSERT IGNORE INTO CURSO (CRS_ID, CRS_NOM, CRS_TIPO, CRS_ORDEN, ESTADO) values ('0eaeb5b7-89ef-4564-adb2-386220c89038', 7, 'EGB', 7, true);
INSERT IGNORE INTO CURSO (CRS_ID, CRS_NOM, CRS_TIPO, CRS_ORDEN, ESTADO) values ('a9a78b4c-77ef-44ad-97e3-68d7a7898584', 8, 'EGB', 8, true);
INSERT IGNORE INTO CURSO (CRS_ID, CRS_NOM, CRS_TIPO, CRS_ORDEN, ESTADO) values ('e1092c38-2911-4627-b8d7-c5b9e96ad79b', 9, 'EGB', 9, true);
INSERT IGNORE INTO CURSO (CRS_ID, CRS_NOM, CRS_TIPO, CRS_ORDEN, ESTADO) values ('4330dbc6-61cb-4699-b473-ab2f48b49218', 10, 'EGB', 10, true);
INSERT IGNORE INTO CURSO (CRS_ID, CRS_NOM, CRS_TIPO, CRS_ORDEN, ESTADO) values ('76c274ef-abd3-458b-8f52-da637a2ef81a', 11, 'EGB', 11, true);
INSERT IGNORE INTO CURSO (CRS_ID, CRS_NOM, CRS_TIPO, CRS_ORDEN, ESTADO) values ('d88d7b41-608b-4fe2-a78c-7e32dc7259e0', 12, 'EGB', 12, true);
INSERT IGNORE INTO CURSO (CRS_ID, CRS_NOM, CRS_TIPO, CRS_ORDEN, ESTADO) values ('739c02ad-cf03-4a35-abd3-7306b1561274', 13, 'BGU', 13, true);
INSERT IGNORE INTO CURSO (CRS_ID, CRS_NOM, CRS_TIPO, CRS_ORDEN, ESTADO) values ('f9c2b360-d8b9-48b0-a2e1-2adf5b562505', 14, 'BGU', 14, true);
INSERT IGNORE INTO CURSO (CRS_ID, CRS_NOM, CRS_TIPO, CRS_ORDEN, ESTADO) values ('b59d39fe-94bb-475b-ac57-d72e1f649cd0', 15, 'BGU', 15, true);
INSERT IGNORE INTO ESTUDIANTE (EST_ID, EST_DNI, EST_NOM, EST_NOM2, EST_APE, EST_APE2, EST_FECH_NAC, EST_GEN, EST_PRV, EST_CAN, EST_PARR, EST_DIR, EST_NAC, EST_ETN, EST_NAC_ETN, EST_COM_ETN, EST_COD_ELE, EST_NEC_ASO_DIS, EST_NEC_NO_ASO_DIS, EST_ENF_CAT, EST_NUM_CONA, EST_INTE, EST_TV, EST_RAD, EST_PC, EST_CEL, REL_EST_REP, REPR_ID, ESTADO) values ('ca9099d8-6971-4943-a7d1-afc828da5abd', '7124160650', 'Rip', 'Rance', 'Plunket', 'Schleswig-Holstein', '1917-03-02', 'M', 'Texas', 'Massachusetts', 'Texas', '3 Superior Center', 'United States', 'Ethnicity3', 'Nationality2', 'Community2', 'Code2', false, false, true, 7525589332, true, true, false, true, true, 'Relationship3', '05534948-c491-4559-9719-9643cadcdd34', true);
INSERT IGNORE INTO ESTUDIANTE (EST_ID, EST_DNI, EST_NOM, EST_NOM2, EST_APE, EST_APE2, EST_FECH_NAC, EST_GEN, EST_PRV, EST_CAN, EST_PARR, EST_DIR, EST_NAC, EST_ETN, EST_NAC_ETN, EST_COM_ETN, EST_COD_ELE, EST_NEC_ASO_DIS, EST_NEC_NO_ASO_DIS, EST_ENF_CAT, EST_NUM_CONA, EST_INTE, EST_TV, EST_RAD, EST_PC, EST_CEL, REL_EST_REP, REPR_ID, ESTADO) values ('50269233-314c-42b5-aef6-36bb01dfc009', '3681624011', 'Elicia', 'Mora', 'Shavel', 'Biggerdike', '1989-05-15', 'F', 'New York', 'California', 'Florida', '0 Valley Edge Junction', 'United States', 'Ethnicity2', 'Nationality3', 'Community1', 'Code3', false, false, false, 4948401685, true, false, true, false, false, 'Relationship1', 'c94a1f2c-6a89-4500-b430-e303a750c898', false);
INSERT IGNORE INTO ESTUDIANTE (EST_ID, EST_DNI, EST_NOM, EST_NOM2, EST_APE, EST_APE2, EST_FECH_NAC, EST_GEN, EST_PRV, EST_CAN, EST_PARR, EST_DIR, EST_NAC, EST_ETN, EST_NAC_ETN, EST_COM_ETN, EST_COD_ELE, EST_NEC_ASO_DIS, EST_NEC_NO_ASO_DIS, EST_ENF_CAT, EST_NUM_CONA, EST_INTE, EST_TV, EST_RAD, EST_PC, EST_CEL, REL_EST_REP, REPR_ID, ESTADO) values ('1d463fc3-57c8-48d1-92ac-6fd7e392fbfd', '0845193155', 'Bryanty', 'Christopher', 'Witul', 'Terrelly', '1995-01-20', 'M', 'Texas', 'Texas', 'Nebraska', '9 Northport Crossing', 'United States', 'Ethnicity3', 'Nationality1', 'Community2', 'Code3', false, false, false, 2147742122, false, true, false, true, true, 'Relationship1', 'eafa4855-bf7c-4742-a1e9-f5d839b6cac9', false);
INSERT IGNORE INTO ESTUDIANTE (EST_ID, EST_DNI, EST_NOM, EST_NOM2, EST_APE, EST_APE2, EST_FECH_NAC, EST_GEN, EST_PRV, EST_CAN, EST_PARR, EST_DIR, EST_NAC, EST_ETN, EST_NAC_ETN, EST_COM_ETN, EST_COD_ELE, EST_NEC_ASO_DIS, EST_NEC_NO_ASO_DIS, EST_ENF_CAT, EST_NUM_CONA, EST_INTE, EST_TV, EST_RAD, EST_PC, EST_CEL, REL_EST_REP, REPR_ID, ESTADO) values ('b266e865-010e-4bb3-8fc8-1e16b1580951', '2618196597', 'Levey', 'Edvard', 'Behn', 'Gettings', '1977-03-24', 'M', 'Ohio', 'Illinois', 'Indiana', '54788 Lake View Circle', 'United States', 'Ethnicity1', 'Nationality2', 'Community2', 'Code3', false, false, false, 1968020568, true, false, true, true, true, 'Relationship2', '41e2cac0-5e62-4e25-95d0-0058461443d4', false);
INSERT IGNORE INTO ESTUDIANTE (EST_ID, EST_DNI, EST_NOM, EST_NOM2, EST_APE, EST_APE2, EST_FECH_NAC, EST_GEN, EST_PRV, EST_CAN, EST_PARR, EST_DIR, EST_NAC, EST_ETN, EST_NAC_ETN, EST_COM_ETN, EST_COD_ELE, EST_NEC_ASO_DIS, EST_NEC_NO_ASO_DIS, EST_ENF_CAT, EST_NUM_CONA, EST_INTE, EST_TV, EST_RAD, EST_PC, EST_CEL, REL_EST_REP, REPR_ID, ESTADO) values ('eb60c1b6-f1c5-40b7-955f-081af4167483', '6407653282', 'Archibald', 'Ellary', 'Jime', 'Forlong', '1909-06-08', 'M', 'Michigan', 'California', 'Texas', '299 Novick Road', 'United States', 'Ethnicity1', 'Nationality3', 'Community1', 'Code3', false, true, true, 9485595495, true, true, false, false, true, 'Relationship2', '27a7a9d3-4511-4fa9-89ff-6fd33f1444da', false);
INSERT IGNORE INTO ESTUDIANTE (EST_ID, EST_DNI, EST_NOM, EST_NOM2, EST_APE, EST_APE2, EST_FECH_NAC, EST_GEN, EST_PRV, EST_CAN, EST_PARR, EST_DIR, EST_NAC, EST_ETN, EST_NAC_ETN, EST_COM_ETN, EST_COD_ELE, EST_NEC_ASO_DIS, EST_NEC_NO_ASO_DIS, EST_ENF_CAT, EST_NUM_CONA, EST_INTE, EST_TV, EST_RAD, EST_PC, EST_CEL, REL_EST_REP, REPR_ID, ESTADO) values ('7597f3f4-2577-4d56-a036-3c87254f6034', '7991591719', 'Mart', 'Steven', 'Danilchik', 'Van Niekerk', '1982-01-24', 'M', 'New York', 'Arizona', 'Kansas', '4440 Grim Junction', 'United States', 'Ethnicity3', 'Nationality3', 'Community2', 'Code3', true, true, true, 9154704680, true, true, false, false, false, 'Relationship2', '9b261d6c-cf60-4728-8659-90ba9f0408ec', true);
INSERT IGNORE INTO ESTUDIANTE (EST_ID, EST_DNI, EST_NOM, EST_NOM2, EST_APE, EST_APE2, EST_FECH_NAC, EST_GEN, EST_PRV, EST_CAN, EST_PARR, EST_DIR, EST_NAC, EST_ETN, EST_NAC_ETN, EST_COM_ETN, EST_COD_ELE, EST_NEC_ASO_DIS, EST_NEC_NO_ASO_DIS, EST_ENF_CAT, EST_NUM_CONA, EST_INTE, EST_TV, EST_RAD, EST_PC, EST_CEL, REL_EST_REP, REPR_ID, ESTADO) values ('ac1dafbf-d38e-48ff-a358-8382e32e3497', '6238659017', 'Peirce', 'Fernando', 'Garnson', 'Wykey', '1906-02-22', 'M', 'Florida', 'Florida', 'New York', '670 Esker Drive', 'United States', 'Ethnicity2', 'Nationality3', 'Community3', 'Code3', true, true, false, 463547796, false, false, false, true, true, 'Relationship1', 'e1351c1a-c6e5-4e63-a51d-2f0f91398610', true);
INSERT IGNORE INTO ESTUDIANTE (EST_ID, EST_DNI, EST_NOM, EST_NOM2, EST_APE, EST_APE2, EST_FECH_NAC, EST_GEN, EST_PRV, EST_CAN, EST_PARR, EST_DIR, EST_NAC, EST_ETN, EST_NAC_ETN, EST_COM_ETN, EST_COD_ELE, EST_NEC_ASO_DIS, EST_NEC_NO_ASO_DIS, EST_ENF_CAT, EST_NUM_CONA, EST_INTE, EST_TV, EST_RAD, EST_PC, EST_CEL, REL_EST_REP, REPR_ID, ESTADO) values ('c221d537-b292-4e57-adac-e014a94102ce', '5583663162', 'Hilario', 'Dukey', 'Eltringham', 'Pieters', '1909-11-13', 'M', 'Ohio', 'California', 'Illinois', '07 Service Plaza', 'United States', 'Ethnicity1', 'Nationality3', 'Community1', 'Code3', false, true, false, 2138869338, true, true, true, true, false, 'Relationship2', '6d8f4e5b-b6ba-4c86-99e1-36b405b880de', false);
INSERT IGNORE INTO ESTUDIANTE (EST_ID, EST_DNI, EST_NOM, EST_NOM2, EST_APE, EST_APE2, EST_FECH_NAC, EST_GEN, EST_PRV, EST_CAN, EST_PARR, EST_DIR, EST_NAC, EST_ETN, EST_NAC_ETN, EST_COM_ETN, EST_COD_ELE, EST_NEC_ASO_DIS, EST_NEC_NO_ASO_DIS, EST_ENF_CAT, EST_NUM_CONA, EST_INTE, EST_TV, EST_RAD, EST_PC, EST_CEL, REL_EST_REP, REPR_ID, ESTADO) values ('c4cc4233-8673-40a7-a783-f498ce70a150', '5696356346', 'Barbee', 'Ivie', 'Oganian', 'Janiszewski', '1973-04-16', 'F', 'California', 'Michigan', 'New York', '2 Rieder Hill', 'United States', 'Ethnicity1', 'Nationality1', 'Community3', 'Code1', true, false, true, 3077470631, true, false, false, true, false, 'Relationship2', '9b261d6c-cf60-4728-8659-90ba9f0408ec', false);
INSERT IGNORE INTO ESTUDIANTE (EST_ID, EST_DNI, EST_NOM, EST_NOM2, EST_APE, EST_APE2, EST_FECH_NAC, EST_GEN, EST_PRV, EST_CAN, EST_PARR, EST_DIR, EST_NAC, EST_ETN, EST_NAC_ETN, EST_COM_ETN, EST_COD_ELE, EST_NEC_ASO_DIS, EST_NEC_NO_ASO_DIS, EST_ENF_CAT, EST_NUM_CONA, EST_INTE, EST_TV, EST_RAD, EST_PC, EST_CEL, REL_EST_REP, REPR_ID, ESTADO) values ('8694b066-2b7c-48a1-a909-e3b293c0cd92', '5760798863', 'Dela', 'Dorthy', 'Hainning', 'Have', '1948-04-15', 'F', 'Missouri', 'Pennsylvania', 'Florida', '4 Waubesa Junction', 'United States', 'Ethnicity3', 'Nationality2', 'Community1', 'Code3', true, true, false, 2888089681, true, true, true, true, false, 'Relationship3', '4d7759b6-304c-4fa2-8c5b-85d1503745fa', true);
INSERT IGNORE INTO ESTUDIANTE (EST_ID, EST_DNI, EST_NOM, EST_NOM2, EST_APE, EST_APE2, EST_FECH_NAC, EST_GEN, EST_PRV, EST_CAN, EST_PARR, EST_DIR, EST_NAC, EST_ETN, EST_NAC_ETN, EST_COM_ETN, EST_COD_ELE, EST_NEC_ASO_DIS, EST_NEC_NO_ASO_DIS, EST_ENF_CAT, EST_NUM_CONA, EST_INTE, EST_TV, EST_RAD, EST_PC, EST_CEL, REL_EST_REP, REPR_ID, ESTADO) values ('5af13ddb-c7ba-4a5b-a61f-008e11fbe0cf', '0323784305', 'Julianne', 'Blinni', 'Domel', 'Charpling', '1998-06-26', 'F', 'Texas', 'Arkansas', 'Wisconsin', '1622 Sundown Crossing', 'United States', 'Ethnicity2', 'Nationality1', 'Community1', 'Code1', false, true, true, 7016498232, true, false, false, false, true, 'Relationship1', 'f36c1bb4-6cd9-485f-8aef-4608610d190b', true);
INSERT IGNORE INTO ESTUDIANTE (EST_ID, EST_DNI, EST_NOM, EST_NOM2, EST_APE, EST_APE2, EST_FECH_NAC, EST_GEN, EST_PRV, EST_CAN, EST_PARR, EST_DIR, EST_NAC, EST_ETN, EST_NAC_ETN, EST_COM_ETN, EST_COD_ELE, EST_NEC_ASO_DIS, EST_NEC_NO_ASO_DIS, EST_ENF_CAT, EST_NUM_CONA, EST_INTE, EST_TV, EST_RAD, EST_PC, EST_CEL, REL_EST_REP, REPR_ID, ESTADO) values ('176cb58b-98f1-444d-9bef-4a4ec98df474', '0773818758', 'Maury', 'Weider', 'Churchman', 'Gallaher', '1963-12-21', 'M', 'Minnesota', 'Texas', 'Florida', '01130 Portage Drive', 'United States', 'Ethnicity2', 'Nationality3', 'Community3', 'Code1', true, false, true, 4518540839, false, true, true, true, true, 'Relationship1', '1653b3e5-ebd5-4e90-bfc2-457f1bf8f3de', true);
INSERT IGNORE INTO ESTUDIANTE (EST_ID, EST_DNI, EST_NOM, EST_NOM2, EST_APE, EST_APE2, EST_FECH_NAC, EST_GEN, EST_PRV, EST_CAN, EST_PARR, EST_DIR, EST_NAC, EST_ETN, EST_NAC_ETN, EST_COM_ETN, EST_COD_ELE, EST_NEC_ASO_DIS, EST_NEC_NO_ASO_DIS, EST_ENF_CAT, EST_NUM_CONA, EST_INTE, EST_TV, EST_RAD, EST_PC, EST_CEL, REL_EST_REP, REPR_ID, ESTADO) values ('e2111208-f0e4-4bf3-99be-ad0a82f3a2f9', '7304898445', 'Louise', 'Lilah', 'Cloney', 'O''Collopy', '1910-01-27', 'F', 'Illinois', 'Utah', 'Florida', '4549 Barnett Pass', 'United States', 'Ethnicity2', 'Nationality3', 'Community1', 'Code3', true, false, false, 1740720291, true, false, false, false, true, 'Relationship1', '8059f63a-6396-4392-b5b0-4ed9a4b5c92b', true);
INSERT IGNORE INTO ESTUDIANTE (EST_ID, EST_DNI, EST_NOM, EST_NOM2, EST_APE, EST_APE2, EST_FECH_NAC, EST_GEN, EST_PRV, EST_CAN, EST_PARR, EST_DIR, EST_NAC, EST_ETN, EST_NAC_ETN, EST_COM_ETN, EST_COD_ELE, EST_NEC_ASO_DIS, EST_NEC_NO_ASO_DIS, EST_ENF_CAT, EST_NUM_CONA, EST_INTE, EST_TV, EST_RAD, EST_PC, EST_CEL, REL_EST_REP, REPR_ID, ESTADO) values ('0d6e183e-ec63-47b6-93da-627f77343a97', '6028241091', 'Oralie', 'Liana', 'Szwandt', 'Trees', '1917-11-07', 'F', 'New York', 'California', 'Mississippi', '50611 Kennedy Avenue', 'United States', 'Ethnicity2', 'Nationality2', 'Community3', 'Code3', true, false, false, 9198101933, false, false, false, true, false, 'Relationship2', '1653b3e5-ebd5-4e90-bfc2-457f1bf8f3de', false);
INSERT IGNORE INTO ESTUDIANTE (EST_ID, EST_DNI, EST_NOM, EST_NOM2, EST_APE, EST_APE2, EST_FECH_NAC, EST_GEN, EST_PRV, EST_CAN, EST_PARR, EST_DIR, EST_NAC, EST_ETN, EST_NAC_ETN, EST_COM_ETN, EST_COD_ELE, EST_NEC_ASO_DIS, EST_NEC_NO_ASO_DIS, EST_ENF_CAT, EST_NUM_CONA, EST_INTE, EST_TV, EST_RAD, EST_PC, EST_CEL, REL_EST_REP, REPR_ID, ESTADO) values ('cdd94b0b-a1ff-4086-bee6-f9c28f0e2575', '0980279658', 'Trudey', 'Heath', 'Cainey', 'McBrearty', '1955-07-23', 'F', 'Arizona', 'Louisiana', 'Colorado', '8 Ludington Lane', 'United States', 'Ethnicity3', 'Nationality2', 'Community3', 'Code2', false, true, true, 3684005370, false, true, false, true, true, 'Relationship2', 'c94a1f2c-6a89-4500-b430-e303a750c898', true);
INSERT IGNORE INTO ESTUDIANTE (EST_ID, EST_DNI, EST_NOM, EST_NOM2, EST_APE, EST_APE2, EST_FECH_NAC, EST_GEN, EST_PRV, EST_CAN, EST_PARR, EST_DIR, EST_NAC, EST_ETN, EST_NAC_ETN, EST_COM_ETN, EST_COD_ELE, EST_NEC_ASO_DIS, EST_NEC_NO_ASO_DIS, EST_ENF_CAT, EST_NUM_CONA, EST_INTE, EST_TV, EST_RAD, EST_PC, EST_CEL, REL_EST_REP, REPR_ID, ESTADO) values ('1aadb29a-4b90-4fdb-884c-662cbc084abb', '8755339794', 'Balduin', 'Giacobo', 'Saggs', 'Andrus', '1996-06-02', 'M', 'Alaska', 'California', 'New York', '0 Katie Pass', 'United States', 'Ethnicity2', 'Nationality2', 'Community3', 'Code3', false, false, true, 8716578451, false, true, false, false, false, 'Relationship2', '9803c09f-13c5-4e43-9654-d7958093bbee', true);
INSERT IGNORE INTO ESTUDIANTE (EST_ID, EST_DNI, EST_NOM, EST_NOM2, EST_APE, EST_APE2, EST_FECH_NAC, EST_GEN, EST_PRV, EST_CAN, EST_PARR, EST_DIR, EST_NAC, EST_ETN, EST_NAC_ETN, EST_COM_ETN, EST_COD_ELE, EST_NEC_ASO_DIS, EST_NEC_NO_ASO_DIS, EST_ENF_CAT, EST_NUM_CONA, EST_INTE, EST_TV, EST_RAD, EST_PC, EST_CEL, REL_EST_REP, REPR_ID, ESTADO) values ('fa87ea7e-64f8-46c7-a63d-472440fc5b64', '2339147905', 'Carmine', 'Lyndsey', 'Cullinan', 'Sycamore', '1982-03-29', 'F', 'West Virginia', 'Texas', 'Louisiana', '945 Steensland Crossing', 'United States', 'Ethnicity2', 'Nationality1', 'Community2', 'Code3', true, true, false, 2551688175, false, false, true, false, true, 'Relationship3', '1138895a-3d05-46bf-9ce5-5f6e3f4c4055', true);
INSERT IGNORE INTO ESTUDIANTE (EST_ID, EST_DNI, EST_NOM, EST_NOM2, EST_APE, EST_APE2, EST_FECH_NAC, EST_GEN, EST_PRV, EST_CAN, EST_PARR, EST_DIR, EST_NAC, EST_ETN, EST_NAC_ETN, EST_COM_ETN, EST_COD_ELE, EST_NEC_ASO_DIS, EST_NEC_NO_ASO_DIS, EST_ENF_CAT, EST_NUM_CONA, EST_INTE, EST_TV, EST_RAD, EST_PC, EST_CEL, REL_EST_REP, REPR_ID, ESTADO) values ('1f977722-3598-492c-957d-7375b614ae42', '2039684905', 'Christos', 'Welch', 'Legat', 'Stibbs', '1969-12-13', 'M', 'District of Columbia', 'Nevada', 'Virginia', '838 Corscot Junction', 'United States', 'Ethnicity3', 'Nationality1', 'Community1', 'Code2', true, true, true, 5749192949, false, false, true, false, true, 'Relationship3', '1c53fe5c-2c36-4c28-bd32-daa2bd3c765c', false);
INSERT IGNORE INTO ESTUDIANTE (EST_ID, EST_DNI, EST_NOM, EST_NOM2, EST_APE, EST_APE2, EST_FECH_NAC, EST_GEN, EST_PRV, EST_CAN, EST_PARR, EST_DIR, EST_NAC, EST_ETN, EST_NAC_ETN, EST_COM_ETN, EST_COD_ELE, EST_NEC_ASO_DIS, EST_NEC_NO_ASO_DIS, EST_ENF_CAT, EST_NUM_CONA, EST_INTE, EST_TV, EST_RAD, EST_PC, EST_CEL, REL_EST_REP, REPR_ID, ESTADO) values ('bb525297-7d20-43cc-b7bb-0446112bc485', '5599255220', 'Wilma', 'Dollie', 'Orht', 'Pummery', '1987-12-25', 'F', 'Florida', 'California', 'Connecticut', '1408 Hudson Street', 'United States', 'Ethnicity2', 'Nationality1', 'Community2', 'Code3', true, true, false, 1374823080, false, false, true, false, false, 'Relationship3', 'c6ae7254-618d-4b9d-b854-de1232b7f0bd', false);
INSERT IGNORE INTO ESTUDIANTE (EST_ID, EST_DNI, EST_NOM, EST_NOM2, EST_APE, EST_APE2, EST_FECH_NAC, EST_GEN, EST_PRV, EST_CAN, EST_PARR, EST_DIR, EST_NAC, EST_ETN, EST_NAC_ETN, EST_COM_ETN, EST_COD_ELE, EST_NEC_ASO_DIS, EST_NEC_NO_ASO_DIS, EST_ENF_CAT, EST_NUM_CONA, EST_INTE, EST_TV, EST_RAD, EST_PC, EST_CEL, REL_EST_REP, REPR_ID, ESTADO) values ('7b755a1e-7af9-4f59-b4fb-47739ff3508a', '9752100554', 'Eileen', 'Giralda', 'Struther', 'Blaby', '1901-12-24', 'F', 'North Carolina', 'Indiana', 'District of Columbia', '01 Dovetail Alley', 'United States', 'Ethnicity2', 'Nationality3', 'Community1', 'Code1', false, false, false, 1349933640, true, true, false, true, true, 'Relationship1', '9afe3947-c7bf-4860-a711-b0e5c7b49422', false);
INSERT IGNORE INTO ESTUDIANTE (EST_ID, EST_DNI, EST_NOM, EST_NOM2, EST_APE, EST_APE2, EST_FECH_NAC, EST_GEN, EST_PRV, EST_CAN, EST_PARR, EST_DIR, EST_NAC, EST_ETN, EST_NAC_ETN, EST_COM_ETN, EST_COD_ELE, EST_NEC_ASO_DIS, EST_NEC_NO_ASO_DIS, EST_ENF_CAT, EST_NUM_CONA, EST_INTE, EST_TV, EST_RAD, EST_PC, EST_CEL, REL_EST_REP, REPR_ID, ESTADO) values ('0db0089c-a06a-40aa-9130-154f7ede5511', '0878763651', 'Rosie', 'Gaynor', 'Last', 'Hingeley', '1963-03-05', 'F', 'California', 'New Hampshire', 'New Mexico', '51 Butterfield Junction', 'United States', 'Ethnicity1', 'Nationality2', 'Community2', 'Code2', true, false, false, 1998739481, false, true, true, true, true, 'Relationship2', '05534948-c491-4559-9719-9643cadcdd34', true);
INSERT IGNORE INTO ESTUDIANTE (EST_ID, EST_DNI, EST_NOM, EST_NOM2, EST_APE, EST_APE2, EST_FECH_NAC, EST_GEN, EST_PRV, EST_CAN, EST_PARR, EST_DIR, EST_NAC, EST_ETN, EST_NAC_ETN, EST_COM_ETN, EST_COD_ELE, EST_NEC_ASO_DIS, EST_NEC_NO_ASO_DIS, EST_ENF_CAT, EST_NUM_CONA, EST_INTE, EST_TV, EST_RAD, EST_PC, EST_CEL, REL_EST_REP, REPR_ID, ESTADO) values ('f1a03b73-4570-4972-a14f-76b116b5f873', '8025485382', 'Dottie', 'Nathalia', 'Murrish', 'Talks', '1994-01-25', 'F', 'Pennsylvania', 'South Carolina', 'Tennessee', '7 East Street', 'United States', 'Ethnicity3', 'Nationality1', 'Community2', 'Code2', false, true, false, 3406409563, false, false, true, false, false, 'Relationship1', '8be58ee6-84cc-495c-a691-914035be8f15', false);
INSERT IGNORE INTO ESTUDIANTE (EST_ID, EST_DNI, EST_NOM, EST_NOM2, EST_APE, EST_APE2, EST_FECH_NAC, EST_GEN, EST_PRV, EST_CAN, EST_PARR, EST_DIR, EST_NAC, EST_ETN, EST_NAC_ETN, EST_COM_ETN, EST_COD_ELE, EST_NEC_ASO_DIS, EST_NEC_NO_ASO_DIS, EST_ENF_CAT, EST_NUM_CONA, EST_INTE, EST_TV, EST_RAD, EST_PC, EST_CEL, REL_EST_REP, REPR_ID, ESTADO) values ('61118cad-b953-45c6-b4b4-c5c2bd6f552f', '2253795984', 'Heida', 'Anallise', 'Carman', 'Josland', '1953-09-14', 'F', 'Ohio', 'Pennsylvania', 'Texas', '3413 Annamark Park', 'United States', 'Ethnicity1', 'Nationality2', 'Community1', 'Code1', false, true, true, 222796494, true, true, false, true, true, 'Relationship1', 'ffbccb51-bff1-49ad-9829-94757e584fae', true);
INSERT IGNORE INTO ESTUDIANTE (EST_ID, EST_DNI, EST_NOM, EST_NOM2, EST_APE, EST_APE2, EST_FECH_NAC, EST_GEN, EST_PRV, EST_CAN, EST_PARR, EST_DIR, EST_NAC, EST_ETN, EST_NAC_ETN, EST_COM_ETN, EST_COD_ELE, EST_NEC_ASO_DIS, EST_NEC_NO_ASO_DIS, EST_ENF_CAT, EST_NUM_CONA, EST_INTE, EST_TV, EST_RAD, EST_PC, EST_CEL, REL_EST_REP, REPR_ID, ESTADO) values ('81f302fe-2b07-436b-9d0b-4aeb6a40edd9', '2336960982', 'Alys', 'Adena', 'Lambol', 'Mill', '1977-08-04', 'F', 'California', 'Ohio', 'California', '49 Farmco Circle', 'United States', 'Ethnicity1', 'Nationality3', 'Community3', 'Code1', false, false, true, 8168430985, false, false, true, false, false, 'Relationship1', 'e6649fb5-e603-4d96-8ea4-25910e636a79', false);
INSERT IGNORE INTO ESTUDIANTE (EST_ID, EST_DNI, EST_NOM, EST_NOM2, EST_APE, EST_APE2, EST_FECH_NAC, EST_GEN, EST_PRV, EST_CAN, EST_PARR, EST_DIR, EST_NAC, EST_ETN, EST_NAC_ETN, EST_COM_ETN, EST_COD_ELE, EST_NEC_ASO_DIS, EST_NEC_NO_ASO_DIS, EST_ENF_CAT, EST_NUM_CONA, EST_INTE, EST_TV, EST_RAD, EST_PC, EST_CEL, REL_EST_REP, REPR_ID, ESTADO) values ('9e60c3c2-03ba-47c9-af57-1ce743402da1', '3978759918', 'Manny', 'Warren', 'Crucitti', 'Crisell', '1910-02-20', 'M', 'Louisiana', 'Missouri', 'Tennessee', '659 Hagan Road', 'United States', 'Ethnicity2', 'Nationality1', 'Community2', 'Code3', true, false, true, 7450922611, false, true, true, true, false, 'Relationship3', 'd4ce3cc5-1a6d-4ea3-9ab6-443c7c50804f', true);
INSERT IGNORE INTO ESTUDIANTE (EST_ID, EST_DNI, EST_NOM, EST_NOM2, EST_APE, EST_APE2, EST_FECH_NAC, EST_GEN, EST_PRV, EST_CAN, EST_PARR, EST_DIR, EST_NAC, EST_ETN, EST_NAC_ETN, EST_COM_ETN, EST_COD_ELE, EST_NEC_ASO_DIS, EST_NEC_NO_ASO_DIS, EST_ENF_CAT, EST_NUM_CONA, EST_INTE, EST_TV, EST_RAD, EST_PC, EST_CEL, REL_EST_REP, REPR_ID, ESTADO) values ('85c20b8d-e3a8-4a16-96bd-6b35cc0b2ae0', '1336322128', 'Royall', 'Irvin', 'Lucy', 'Linggood', '1944-12-03', 'M', 'Illinois', 'Texas', 'Florida', '8 Kropf Parkway', 'United States', 'Ethnicity3', 'Nationality1', 'Community1', 'Code1', true, true, false, 3077998430, true, false, false, true, true, 'Relationship3', 'cf1df8da-a9de-4990-9fbd-faf3a6aee37b', false);
INSERT IGNORE INTO ESTUDIANTE (EST_ID, EST_DNI, EST_NOM, EST_NOM2, EST_APE, EST_APE2, EST_FECH_NAC, EST_GEN, EST_PRV, EST_CAN, EST_PARR, EST_DIR, EST_NAC, EST_ETN, EST_NAC_ETN, EST_COM_ETN, EST_COD_ELE, EST_NEC_ASO_DIS, EST_NEC_NO_ASO_DIS, EST_ENF_CAT, EST_NUM_CONA, EST_INTE, EST_TV, EST_RAD, EST_PC, EST_CEL, REL_EST_REP, REPR_ID, ESTADO) values ('20384bc3-2434-4f6f-b5a5-c2da833c7767', '0186136617', 'Armstrong', 'Tristan', 'Oakman', 'Rickell', '1980-11-17', 'M', 'Minnesota', 'Missouri', 'Florida', '3262 Canary Drive', 'United States', 'Ethnicity1', 'Nationality3', 'Community2', 'Code2', false, true, false, 3966024939, true, false, false, true, false, 'Relationship2', '24804bf7-0f21-44c3-8e44-1ac0ea34dc8a', false);
INSERT IGNORE INTO ESTUDIANTE (EST_ID, EST_DNI, EST_NOM, EST_NOM2, EST_APE, EST_APE2, EST_FECH_NAC, EST_GEN, EST_PRV, EST_CAN, EST_PARR, EST_DIR, EST_NAC, EST_ETN, EST_NAC_ETN, EST_COM_ETN, EST_COD_ELE, EST_NEC_ASO_DIS, EST_NEC_NO_ASO_DIS, EST_ENF_CAT, EST_NUM_CONA, EST_INTE, EST_TV, EST_RAD, EST_PC, EST_CEL, REL_EST_REP, REPR_ID, ESTADO) values ('18cbff98-1917-4f2b-b31d-2a3afef7f885', '0531287831', 'Nettie', 'Beryl', 'Tukely', 'Hurles', '1932-09-21', 'F', 'District of Columbia', 'Kansas', 'California', '35669 Darwin Place', 'United States', 'Ethnicity1', 'Nationality1', 'Community3', 'Code3', false, true, false, 455407566, true, false, false, true, false, 'Relationship3', '17c73055-ba16-467f-a444-df0964e14303', false);
INSERT IGNORE INTO ESTUDIANTE (EST_ID, EST_DNI, EST_NOM, EST_NOM2, EST_APE, EST_APE2, EST_FECH_NAC, EST_GEN, EST_PRV, EST_CAN, EST_PARR, EST_DIR, EST_NAC, EST_ETN, EST_NAC_ETN, EST_COM_ETN, EST_COD_ELE, EST_NEC_ASO_DIS, EST_NEC_NO_ASO_DIS, EST_ENF_CAT, EST_NUM_CONA, EST_INTE, EST_TV, EST_RAD, EST_PC, EST_CEL, REL_EST_REP, REPR_ID, ESTADO) values ('15209e50-d74a-4788-87bc-97025fb14f1f', '7204215087', 'Alex', 'Thomasa', 'Andryushin', 'Bessent', '1939-01-27', 'F', 'Texas', 'Minnesota', 'Massachusetts', '563 Chinook Park', 'United States', 'Ethnicity3', 'Nationality2', 'Community1', 'Code3', false, false, false, 6766273388, true, false, true, false, false, 'Relationship2', '31100b92-102b-40b2-9adb-984ee808d75d', false);
INSERT IGNORE INTO ESTUDIANTE (EST_ID, EST_DNI, EST_NOM, EST_NOM2, EST_APE, EST_APE2, EST_FECH_NAC, EST_GEN, EST_PRV, EST_CAN, EST_PARR, EST_DIR, EST_NAC, EST_ETN, EST_NAC_ETN, EST_COM_ETN, EST_COD_ELE, EST_NEC_ASO_DIS, EST_NEC_NO_ASO_DIS, EST_ENF_CAT, EST_NUM_CONA, EST_INTE, EST_TV, EST_RAD, EST_PC, EST_CEL, REL_EST_REP, REPR_ID, ESTADO) values ('f3746cb6-9c10-4019-b480-efda90d28d35', '2087722412', 'Shannah', 'Gayla', 'Gotobed', 'MacPharlain', '1987-12-28', 'F', 'West Virginia', 'Alabama', 'Texas', '27 Meadow Valley Road', 'United States', 'Ethnicity1', 'Nationality1', 'Community2', 'Code1', true, false, false, 2860999230, false, false, true, true, true, 'Relationship2', 'd0a4d64a-69c1-47c4-b247-07a2bf49e7bb', false);
INSERT IGNORE INTO ESTUDIANTE (EST_ID, EST_DNI, EST_NOM, EST_NOM2, EST_APE, EST_APE2, EST_FECH_NAC, EST_GEN, EST_PRV, EST_CAN, EST_PARR, EST_DIR, EST_NAC, EST_ETN, EST_NAC_ETN, EST_COM_ETN, EST_COD_ELE, EST_NEC_ASO_DIS, EST_NEC_NO_ASO_DIS, EST_ENF_CAT, EST_NUM_CONA, EST_INTE, EST_TV, EST_RAD, EST_PC, EST_CEL, REL_EST_REP, REPR_ID, ESTADO) values ('d55bc6ac-6aa0-44df-96c2-50f5f23a63db', '1950157040', 'Daryle', 'Willy', 'Quirk', 'Nuzzi', '1949-09-02', 'M', 'Colorado', 'Texas', 'Iowa', '01983 Lunder Alley', 'United States', 'Ethnicity2', 'Nationality3', 'Community2', 'Code2', true, true, true, 6857553812, false, true, false, false, true, 'Relationship2', 'd946d5a1-854a-408c-947a-b491756c8b65', false);
INSERT IGNORE INTO ESTUDIANTE (EST_ID, EST_DNI, EST_NOM, EST_NOM2, EST_APE, EST_APE2, EST_FECH_NAC, EST_GEN, EST_PRV, EST_CAN, EST_PARR, EST_DIR, EST_NAC, EST_ETN, EST_NAC_ETN, EST_COM_ETN, EST_COD_ELE, EST_NEC_ASO_DIS, EST_NEC_NO_ASO_DIS, EST_ENF_CAT, EST_NUM_CONA, EST_INTE, EST_TV, EST_RAD, EST_PC, EST_CEL, REL_EST_REP, REPR_ID, ESTADO) values ('7f48d5f6-0d3a-4ae6-8c3b-c213d2257aab', '1018901167', 'Lisa', 'Rorie', 'Stanhope', 'Liverock', '1914-09-30', 'F', 'North Carolina', 'South Carolina', 'California', '6 Arrowood Center', 'United States', 'Ethnicity2', 'Nationality1', 'Community3', 'Code3', false, true, true, 4203409872, true, true, true, true, false, 'Relationship2', 'fbc50126-14e9-4454-a00f-088a70b1fda7', false);
INSERT IGNORE INTO ESTUDIANTE (EST_ID, EST_DNI, EST_NOM, EST_NOM2, EST_APE, EST_APE2, EST_FECH_NAC, EST_GEN, EST_PRV, EST_CAN, EST_PARR, EST_DIR, EST_NAC, EST_ETN, EST_NAC_ETN, EST_COM_ETN, EST_COD_ELE, EST_NEC_ASO_DIS, EST_NEC_NO_ASO_DIS, EST_ENF_CAT, EST_NUM_CONA, EST_INTE, EST_TV, EST_RAD, EST_PC, EST_CEL, REL_EST_REP, REPR_ID, ESTADO) values ('0daf4320-0f4c-49e6-9927-0d77161d5c52', '2324326795', 'Addie', 'Sol', 'Sharpe', 'Morfield', '1998-06-27', 'M', 'Texas', 'North Carolina', 'Hawaii', '016 Dorton Junction', 'United States', 'Ethnicity2', 'Nationality1', 'Community2', 'Code1', false, false, true, 1197295220, true, true, false, false, true, 'Relationship1', 'a2e8ce28-6503-4628-aac5-92c5da321228', true);
INSERT IGNORE INTO ESTUDIANTE (EST_ID, EST_DNI, EST_NOM, EST_NOM2, EST_APE, EST_APE2, EST_FECH_NAC, EST_GEN, EST_PRV, EST_CAN, EST_PARR, EST_DIR, EST_NAC, EST_ETN, EST_NAC_ETN, EST_COM_ETN, EST_COD_ELE, EST_NEC_ASO_DIS, EST_NEC_NO_ASO_DIS, EST_ENF_CAT, EST_NUM_CONA, EST_INTE, EST_TV, EST_RAD, EST_PC, EST_CEL, REL_EST_REP, REPR_ID, ESTADO) values ('7f7e3dbe-6c10-4d14-9d43-7dbf7522cb24', '3317856912', 'Kerwin', 'Raddie', 'Kale', 'Sarten', '1993-08-05', 'M', 'Virginia', 'Arizona', 'Indiana', '6356 Morning Drive', 'United States', 'Ethnicity2', 'Nationality1', 'Community1', 'Code2', true, false, true, 5656415570, true, false, false, true, true, 'Relationship2', 'a2e8ce28-6503-4628-aac5-92c5da321228', true);
INSERT IGNORE INTO ESTUDIANTE (EST_ID, EST_DNI, EST_NOM, EST_NOM2, EST_APE, EST_APE2, EST_FECH_NAC, EST_GEN, EST_PRV, EST_CAN, EST_PARR, EST_DIR, EST_NAC, EST_ETN, EST_NAC_ETN, EST_COM_ETN, EST_COD_ELE, EST_NEC_ASO_DIS, EST_NEC_NO_ASO_DIS, EST_ENF_CAT, EST_NUM_CONA, EST_INTE, EST_TV, EST_RAD, EST_PC, EST_CEL, REL_EST_REP, REPR_ID, ESTADO) values ('4e5f3acc-264e-4ea5-bdf5-22a238e42514', '6812428493', 'Sayre', 'Tate', 'Ingall', 'Whitham', '1992-07-23', 'F', 'Virginia', 'Texas', 'Kentucky', '3 Pine View Terrace', 'United States', 'Ethnicity2', 'Nationality3', 'Community2', 'Code3', true, false, true, 9738624256, true, true, true, false, false, 'Relationship1', '75cf5223-7c7c-41af-8455-3c44c33b1049', true);
INSERT IGNORE INTO ESTUDIANTE (EST_ID, EST_DNI, EST_NOM, EST_NOM2, EST_APE, EST_APE2, EST_FECH_NAC, EST_GEN, EST_PRV, EST_CAN, EST_PARR, EST_DIR, EST_NAC, EST_ETN, EST_NAC_ETN, EST_COM_ETN, EST_COD_ELE, EST_NEC_ASO_DIS, EST_NEC_NO_ASO_DIS, EST_ENF_CAT, EST_NUM_CONA, EST_INTE, EST_TV, EST_RAD, EST_PC, EST_CEL, REL_EST_REP, REPR_ID, ESTADO) values ('62bdb7d3-968a-43a4-9890-bbd926db9bd8', '0977297675', 'Marty', 'Collie', 'Sayburn', 'Goldson', '1990-12-23', 'F', 'California', 'Florida', 'Georgia', '0 Linden Junction', 'United States', 'Ethnicity2', 'Nationality2', 'Community2', 'Code3', false, true, false, 5318964901, false, false, false, true, false, 'Relationship3', '90dab093-285d-4438-b10d-83a63d3743f3', true);
INSERT IGNORE INTO ESTUDIANTE (EST_ID, EST_DNI, EST_NOM, EST_NOM2, EST_APE, EST_APE2, EST_FECH_NAC, EST_GEN, EST_PRV, EST_CAN, EST_PARR, EST_DIR, EST_NAC, EST_ETN, EST_NAC_ETN, EST_COM_ETN, EST_COD_ELE, EST_NEC_ASO_DIS, EST_NEC_NO_ASO_DIS, EST_ENF_CAT, EST_NUM_CONA, EST_INTE, EST_TV, EST_RAD, EST_PC, EST_CEL, REL_EST_REP, REPR_ID, ESTADO) values ('e1526f8e-c7ff-4ab3-959c-b79b3f9417e9', '9653655280', 'Kennith', 'Uri', 'McGinlay', 'Borrie', '1963-10-26', 'M', 'Arizona', 'California', 'Utah', '2200 Annamark Hill', 'United States', 'Ethnicity1', 'Nationality2', 'Community3', 'Code3', false, false, false, 9831171522, true, false, true, true, false, 'Relationship3', '8be58ee6-84cc-495c-a691-914035be8f15', true);
INSERT IGNORE INTO ESTUDIANTE (EST_ID, EST_DNI, EST_NOM, EST_NOM2, EST_APE, EST_APE2, EST_FECH_NAC, EST_GEN, EST_PRV, EST_CAN, EST_PARR, EST_DIR, EST_NAC, EST_ETN, EST_NAC_ETN, EST_COM_ETN, EST_COD_ELE, EST_NEC_ASO_DIS, EST_NEC_NO_ASO_DIS, EST_ENF_CAT, EST_NUM_CONA, EST_INTE, EST_TV, EST_RAD, EST_PC, EST_CEL, REL_EST_REP, REPR_ID, ESTADO) values ('d10ec0be-129a-4100-a21a-a553229f1187', '9558286672', 'Cherie', 'Harriot', 'Vanichkin', 'Oxby', '1932-03-02', 'F', 'New York', 'Kansas', 'Illinois', '22925 Vahlen Crossing', 'United States', 'Ethnicity1', 'Nationality2', 'Community3', 'Code3', false, false, true, 8514649118, false, true, true, true, true, 'Relationship2', 'a03c0ce8-76e4-4e18-86c9-c65a59971f65', true);
INSERT IGNORE INTO ESTUDIANTE (EST_ID, EST_DNI, EST_NOM, EST_NOM2, EST_APE, EST_APE2, EST_FECH_NAC, EST_GEN, EST_PRV, EST_CAN, EST_PARR, EST_DIR, EST_NAC, EST_ETN, EST_NAC_ETN, EST_COM_ETN, EST_COD_ELE, EST_NEC_ASO_DIS, EST_NEC_NO_ASO_DIS, EST_ENF_CAT, EST_NUM_CONA, EST_INTE, EST_TV, EST_RAD, EST_PC, EST_CEL, REL_EST_REP, REPR_ID, ESTADO) values ('7208192f-cfae-443d-a7ec-49da1c1f56b7', '1499561539', 'Reinaldo', 'Millard', 'McGuiney', 'Landsborough', '1981-02-22', 'M', 'New Jersey', 'Colorado', 'Ohio', '14431 Parkside Crossing', 'United States', 'Ethnicity2', 'Nationality2', 'Community1', 'Code2', false, false, true, 5425423828, true, true, true, true, false, 'Relationship3', 'fdb51af1-19ae-4ea7-a983-51eed54eb3f8', false);
INSERT IGNORE INTO ESTUDIANTE (EST_ID, EST_DNI, EST_NOM, EST_NOM2, EST_APE, EST_APE2, EST_FECH_NAC, EST_GEN, EST_PRV, EST_CAN, EST_PARR, EST_DIR, EST_NAC, EST_ETN, EST_NAC_ETN, EST_COM_ETN, EST_COD_ELE, EST_NEC_ASO_DIS, EST_NEC_NO_ASO_DIS, EST_ENF_CAT, EST_NUM_CONA, EST_INTE, EST_TV, EST_RAD, EST_PC, EST_CEL, REL_EST_REP, REPR_ID, ESTADO) values ('50d3ffaa-87dc-406a-b9ae-5d47583d2710', '6740316880', 'Nelle', 'Anallese', 'Flohard', 'Duddan', '1988-04-14', 'F', 'Indiana', 'Alabama', 'Colorado', '22 Reindahl Terrace', 'United States', 'Ethnicity3', 'Nationality1', 'Community2', 'Code3', false, true, true, 4356002392, true, true, true, false, true, 'Relationship2', '3164e730-dbe6-4861-b730-f0448c001868', true);
INSERT IGNORE INTO ESTUDIANTE (EST_ID, EST_DNI, EST_NOM, EST_NOM2, EST_APE, EST_APE2, EST_FECH_NAC, EST_GEN, EST_PRV, EST_CAN, EST_PARR, EST_DIR, EST_NAC, EST_ETN, EST_NAC_ETN, EST_COM_ETN, EST_COD_ELE, EST_NEC_ASO_DIS, EST_NEC_NO_ASO_DIS, EST_ENF_CAT, EST_NUM_CONA, EST_INTE, EST_TV, EST_RAD, EST_PC, EST_CEL, REL_EST_REP, REPR_ID, ESTADO) values ('290fe222-5d79-4948-8b22-8a43b8f09bc3', '8362815787', 'Junette', 'Carey', 'Masse', 'Schoenleiter', '1960-09-11', 'F', 'Indiana', 'District of Columbia', 'District of Columbia', '6916 Springs Terrace', 'United States', 'Ethnicity2', 'Nationality3', 'Community2', 'Code2', false, false, false, 3157410802, true, false, false, true, true, 'Relationship1', 'c6ae7254-618d-4b9d-b854-de1232b7f0bd', true);
INSERT IGNORE INTO ESTUDIANTE (EST_ID, EST_DNI, EST_NOM, EST_NOM2, EST_APE, EST_APE2, EST_FECH_NAC, EST_GEN, EST_PRV, EST_CAN, EST_PARR, EST_DIR, EST_NAC, EST_ETN, EST_NAC_ETN, EST_COM_ETN, EST_COD_ELE, EST_NEC_ASO_DIS, EST_NEC_NO_ASO_DIS, EST_ENF_CAT, EST_NUM_CONA, EST_INTE, EST_TV, EST_RAD, EST_PC, EST_CEL, REL_EST_REP, REPR_ID, ESTADO) values ('c737343a-2515-44ca-b953-824097b0e469', '1752339460', 'Halley', 'Filide', 'Logsdale', 'Lillford', '1901-03-18', 'F', 'North Carolina', 'Texas', 'Florida', '64509 Dottie Court', 'United States', 'Ethnicity2', 'Nationality3', 'Community2', 'Code2', false, true, true, 2111390919, true, true, false, true, true, 'Relationship2', '1858b6f8-be0e-4251-9557-321bffe7ccf5', false);
INSERT IGNORE INTO ESTUDIANTE (EST_ID, EST_DNI, EST_NOM, EST_NOM2, EST_APE, EST_APE2, EST_FECH_NAC, EST_GEN, EST_PRV, EST_CAN, EST_PARR, EST_DIR, EST_NAC, EST_ETN, EST_NAC_ETN, EST_COM_ETN, EST_COD_ELE, EST_NEC_ASO_DIS, EST_NEC_NO_ASO_DIS, EST_ENF_CAT, EST_NUM_CONA, EST_INTE, EST_TV, EST_RAD, EST_PC, EST_CEL, REL_EST_REP, REPR_ID, ESTADO) values ('4c558e92-8e31-4fd3-9035-c3986091735d', '0483406198', 'Micheline', 'Shani', 'Brosenius', 'Dolton', '1965-08-20', 'F', 'Georgia', 'Massachusetts', 'California', '3 Bobwhite Avenue', 'United States', 'Ethnicity3', 'Nationality3', 'Community2', 'Code2', false, true, false, 6696113415, true, true, true, false, false, 'Relationship2', 'eb5abaa1-7359-4024-a070-d2f9f7dcd459', true);
INSERT IGNORE INTO ESTUDIANTE (EST_ID, EST_DNI, EST_NOM, EST_NOM2, EST_APE, EST_APE2, EST_FECH_NAC, EST_GEN, EST_PRV, EST_CAN, EST_PARR, EST_DIR, EST_NAC, EST_ETN, EST_NAC_ETN, EST_COM_ETN, EST_COD_ELE, EST_NEC_ASO_DIS, EST_NEC_NO_ASO_DIS, EST_ENF_CAT, EST_NUM_CONA, EST_INTE, EST_TV, EST_RAD, EST_PC, EST_CEL, REL_EST_REP, REPR_ID, ESTADO) values ('495dcf9f-5f16-4e8e-8273-0e5264ae0762', '7451351076', 'Angelia', 'Bethanne', 'Gorring', 'McComas', '1953-07-12', 'F', 'Missouri', 'Minnesota', 'Nevada', '8222 Monterey Drive', 'United States', 'Ethnicity1', 'Nationality1', 'Community1', 'Code1', false, true, false, 3959906591, true, true, false, false, true, 'Relationship2', '3603b817-1af3-4f31-90ae-dd9682ec327f', true);
INSERT IGNORE INTO ESTUDIANTE (EST_ID, EST_DNI, EST_NOM, EST_NOM2, EST_APE, EST_APE2, EST_FECH_NAC, EST_GEN, EST_PRV, EST_CAN, EST_PARR, EST_DIR, EST_NAC, EST_ETN, EST_NAC_ETN, EST_COM_ETN, EST_COD_ELE, EST_NEC_ASO_DIS, EST_NEC_NO_ASO_DIS, EST_ENF_CAT, EST_NUM_CONA, EST_INTE, EST_TV, EST_RAD, EST_PC, EST_CEL, REL_EST_REP, REPR_ID, ESTADO) values ('3a97b3ad-89c4-4f33-8009-948c78b22063', '3487260514', 'Yolane', 'Mirelle', 'Le Marquand', 'Loveless', '1986-05-28', 'F', 'New York', 'Georgia', 'Arizona', '4 La Follette Hill', 'United States', 'Ethnicity1', 'Nationality1', 'Community1', 'Code3', true, false, true, 2052946126, false, true, true, false, true, 'Relationship2', '1653b3e5-ebd5-4e90-bfc2-457f1bf8f3de', true);
INSERT IGNORE INTO ESTUDIANTE (EST_ID, EST_DNI, EST_NOM, EST_NOM2, EST_APE, EST_APE2, EST_FECH_NAC, EST_GEN, EST_PRV, EST_CAN, EST_PARR, EST_DIR, EST_NAC, EST_ETN, EST_NAC_ETN, EST_COM_ETN, EST_COD_ELE, EST_NEC_ASO_DIS, EST_NEC_NO_ASO_DIS, EST_ENF_CAT, EST_NUM_CONA, EST_INTE, EST_TV, EST_RAD, EST_PC, EST_CEL, REL_EST_REP, REPR_ID, ESTADO) values ('a5309bcd-bcdd-4f80-8d06-155ecfa1f634', '0943258804', 'Feliza', 'Jacky', 'Casado', 'De Filippis', '1919-09-10', 'F', 'Nebraska', 'Florida', 'Arizona', '03 American Plaza', 'United States', 'Ethnicity1', 'Nationality2', 'Community3', 'Code3', true, true, true, 1048747969, true, true, false, true, false, 'Relationship3', '8be58ee6-84cc-495c-a691-914035be8f15', true);
INSERT IGNORE INTO ESTUDIANTE (EST_ID, EST_DNI, EST_NOM, EST_NOM2, EST_APE, EST_APE2, EST_FECH_NAC, EST_GEN, EST_PRV, EST_CAN, EST_PARR, EST_DIR, EST_NAC, EST_ETN, EST_NAC_ETN, EST_COM_ETN, EST_COD_ELE, EST_NEC_ASO_DIS, EST_NEC_NO_ASO_DIS, EST_ENF_CAT, EST_NUM_CONA, EST_INTE, EST_TV, EST_RAD, EST_PC, EST_CEL, REL_EST_REP, REPR_ID, ESTADO) values ('ae9d8596-cc99-4f94-a6d6-e0c4dd8e8076', '3320675362', 'Lazare', 'Vasili', 'Gilmore', 'Leimster', '1990-02-05', 'M', 'Virginia', 'Alabama', 'New York', '1799 Vermont Place', 'United States', 'Ethnicity1', 'Nationality3', 'Community2', 'Code3', false, true, false, 8178859517, true, true, false, true, false, 'Relationship2', '77cf6dd2-d7d0-4a4d-9340-abfd22a1ce0d', false);
INSERT IGNORE INTO ESTUDIANTE (EST_ID, EST_DNI, EST_NOM, EST_NOM2, EST_APE, EST_APE2, EST_FECH_NAC, EST_GEN, EST_PRV, EST_CAN, EST_PARR, EST_DIR, EST_NAC, EST_ETN, EST_NAC_ETN, EST_COM_ETN, EST_COD_ELE, EST_NEC_ASO_DIS, EST_NEC_NO_ASO_DIS, EST_ENF_CAT, EST_NUM_CONA, EST_INTE, EST_TV, EST_RAD, EST_PC, EST_CEL, REL_EST_REP, REPR_ID, ESTADO) values ('17ef4259-ef49-4aa7-bc46-2e8b9a0bba85', '2700736478', 'Frazier', 'Cyril', 'Americi', 'Goodhay', '1914-03-11', 'M', 'Florida', 'District of Columbia', 'Florida', '22 Loeprich Lane', 'United States', 'Ethnicity1', 'Nationality2', 'Community3', 'Code2', false, false, false, 895057790, false, true, false, false, false, 'Relationship2', '8f4eb1c0-53de-49ab-97ca-13dcba901763', false);
INSERT IGNORE INTO ESTUDIANTE (EST_ID, EST_DNI, EST_NOM, EST_NOM2, EST_APE, EST_APE2, EST_FECH_NAC, EST_GEN, EST_PRV, EST_CAN, EST_PARR, EST_DIR, EST_NAC, EST_ETN, EST_NAC_ETN, EST_COM_ETN, EST_COD_ELE, EST_NEC_ASO_DIS, EST_NEC_NO_ASO_DIS, EST_ENF_CAT, EST_NUM_CONA, EST_INTE, EST_TV, EST_RAD, EST_PC, EST_CEL, REL_EST_REP, REPR_ID, ESTADO) values ('fb87bd4b-c3ba-46ef-9bc3-5e16b49164e8', '7182090694', 'Ariadne', 'Aryn', 'Kleinstern', 'Juan', '1967-07-17', 'F', 'Louisiana', 'New Hampshire', 'Illinois', '3 Transport Junction', 'United States', 'Ethnicity3', 'Nationality1', 'Community1', 'Code1', false, false, false, 3433694736, false, true, true, true, true, 'Relationship3', '4ff680a4-e49a-4b4a-a12e-326456dc46ee', true);
INSERT IGNORE INTO ESTUDIANTE (EST_ID, EST_DNI, EST_NOM, EST_NOM2, EST_APE, EST_APE2, EST_FECH_NAC, EST_GEN, EST_PRV, EST_CAN, EST_PARR, EST_DIR, EST_NAC, EST_ETN, EST_NAC_ETN, EST_COM_ETN, EST_COD_ELE, EST_NEC_ASO_DIS, EST_NEC_NO_ASO_DIS, EST_ENF_CAT, EST_NUM_CONA, EST_INTE, EST_TV, EST_RAD, EST_PC, EST_CEL, REL_EST_REP, REPR_ID, ESTADO) values ('79b9f6bf-c4cd-456f-bc67-a6b46ce50454', '9582830697', 'Ariella', 'Gloria', 'Gherardini', 'Heinsius', '1955-09-02', 'F', 'New Mexico', 'Alabama', 'Tennessee', '8 Commercial Plaza', 'United States', 'Ethnicity2', 'Nationality2', 'Community1', 'Code2', false, true, false, 6051073253, true, false, true, false, false, 'Relationship2', '75cf5223-7c7c-41af-8455-3c44c33b1049', true);
INSERT IGNORE INTO ESTUDIANTE (EST_ID, EST_DNI, EST_NOM, EST_NOM2, EST_APE, EST_APE2, EST_FECH_NAC, EST_GEN, EST_PRV, EST_CAN, EST_PARR, EST_DIR, EST_NAC, EST_ETN, EST_NAC_ETN, EST_COM_ETN, EST_COD_ELE, EST_NEC_ASO_DIS, EST_NEC_NO_ASO_DIS, EST_ENF_CAT, EST_NUM_CONA, EST_INTE, EST_TV, EST_RAD, EST_PC, EST_CEL, REL_EST_REP, REPR_ID, ESTADO) values ('4244f075-7441-4283-88dd-78990881dccc', '4578750167', 'Gelya', 'Blondelle', 'Rex', 'Stoller', '1997-04-14', 'F', 'Indiana', 'District of Columbia', 'Nebraska', '19236 Harper Park', 'United States', 'Ethnicity1', 'Nationality3', 'Community2', 'Code1', true, false, false, 2317972178, true, false, true, false, false, 'Relationship3', '77cf6dd2-d7d0-4a4d-9340-abfd22a1ce0d', true);
INSERT IGNORE INTO ESTUDIANTE (EST_ID, EST_DNI, EST_NOM, EST_NOM2, EST_APE, EST_APE2, EST_FECH_NAC, EST_GEN, EST_PRV, EST_CAN, EST_PARR, EST_DIR, EST_NAC, EST_ETN, EST_NAC_ETN, EST_COM_ETN, EST_COD_ELE, EST_NEC_ASO_DIS, EST_NEC_NO_ASO_DIS, EST_ENF_CAT, EST_NUM_CONA, EST_INTE, EST_TV, EST_RAD, EST_PC, EST_CEL, REL_EST_REP, REPR_ID, ESTADO) values ('6743277f-11c6-4c24-a9ec-048afec02eb2', '3920266382', 'Fraze', 'Domenic', 'Wrates', 'Crippell', '1956-06-03', 'M', 'Texas', 'Ohio', 'District of Columbia', '9235 Moland Parkway', 'United States', 'Ethnicity1', 'Nationality3', 'Community1', 'Code1', false, false, false, 471466648, false, false, true, true, false, 'Relationship3', '1138895a-3d05-46bf-9ce5-5f6e3f4c4055', false);
INSERT IGNORE INTO ESTUDIANTE (EST_ID, EST_DNI, EST_NOM, EST_NOM2, EST_APE, EST_APE2, EST_FECH_NAC, EST_GEN, EST_PRV, EST_CAN, EST_PARR, EST_DIR, EST_NAC, EST_ETN, EST_NAC_ETN, EST_COM_ETN, EST_COD_ELE, EST_NEC_ASO_DIS, EST_NEC_NO_ASO_DIS, EST_ENF_CAT, EST_NUM_CONA, EST_INTE, EST_TV, EST_RAD, EST_PC, EST_CEL, REL_EST_REP, REPR_ID, ESTADO) values ('c112d578-2338-4ab7-888d-361ad7f86b98', '8668166409', 'Devin', 'Willem', 'Josefovic', 'Illem', '1974-01-17', 'M', 'Massachusetts', 'District of Columbia', 'Florida', '25987 Blackbird Park', 'United States', 'Ethnicity2', 'Nationality2', 'Community3', 'Code3', false, false, false, 3831545476, false, false, true, false, true, 'Relationship1', '27a7a9d3-4511-4fa9-89ff-6fd33f1444da', false);
INSERT IGNORE INTO ESTUDIANTE (EST_ID, EST_DNI, EST_NOM, EST_NOM2, EST_APE, EST_APE2, EST_FECH_NAC, EST_GEN, EST_PRV, EST_CAN, EST_PARR, EST_DIR, EST_NAC, EST_ETN, EST_NAC_ETN, EST_COM_ETN, EST_COD_ELE, EST_NEC_ASO_DIS, EST_NEC_NO_ASO_DIS, EST_ENF_CAT, EST_NUM_CONA, EST_INTE, EST_TV, EST_RAD, EST_PC, EST_CEL, REL_EST_REP, REPR_ID, ESTADO) values ('5d47a35d-f3ea-46b7-a394-4f0098fc438c', '5812940924', 'Hillel', 'Albie', 'Cowill', 'Sangra', '1906-02-09', 'M', 'Florida', 'District of Columbia', 'Nevada', '8 Heffernan Lane', 'United States', 'Ethnicity2', 'Nationality1', 'Community1', 'Code2', false, false, false, 5582915277, true, false, false, false, false, 'Relationship1', '5f513cbb-a4e3-43ff-9dc3-da4ef965f58e', false);
INSERT IGNORE INTO ESTUDIANTE (EST_ID, EST_DNI, EST_NOM, EST_NOM2, EST_APE, EST_APE2, EST_FECH_NAC, EST_GEN, EST_PRV, EST_CAN, EST_PARR, EST_DIR, EST_NAC, EST_ETN, EST_NAC_ETN, EST_COM_ETN, EST_COD_ELE, EST_NEC_ASO_DIS, EST_NEC_NO_ASO_DIS, EST_ENF_CAT, EST_NUM_CONA, EST_INTE, EST_TV, EST_RAD, EST_PC, EST_CEL, REL_EST_REP, REPR_ID, ESTADO) values ('babd2666-aee5-4fdb-8b46-bdad56d01727', '2239137061', 'Maurizia', 'Miranda', 'Hedin', 'Facher', '1974-10-08', 'F', 'Idaho', 'New York', 'District of Columbia', '6446 Monument Parkway', 'United States', 'Ethnicity2', 'Nationality1', 'Community3', 'Code3', true, false, false, 3190503229, false, true, false, false, true, 'Relationship2', '9c2bf28e-7e08-4d6e-9fe5-668d718048ba', false);
INSERT IGNORE INTO ESTUDIANTE (EST_ID, EST_DNI, EST_NOM, EST_NOM2, EST_APE, EST_APE2, EST_FECH_NAC, EST_GEN, EST_PRV, EST_CAN, EST_PARR, EST_DIR, EST_NAC, EST_ETN, EST_NAC_ETN, EST_COM_ETN, EST_COD_ELE, EST_NEC_ASO_DIS, EST_NEC_NO_ASO_DIS, EST_ENF_CAT, EST_NUM_CONA, EST_INTE, EST_TV, EST_RAD, EST_PC, EST_CEL, REL_EST_REP, REPR_ID, ESTADO) values ('f6eca544-5483-4efc-abe5-22b2984511a1', '4612134486', 'Ase', 'Esra', 'Goathrop', 'Hampson', '1970-11-19', 'M', 'Virginia', 'Texas', 'Alabama', '7 Glendale Place', 'United States', 'Ethnicity3', 'Nationality2', 'Community1', 'Code3', true, true, false, 13732399, true, false, false, true, true, 'Relationship3', 'b1414b0c-da9f-43e4-b066-290d18fc749a', false);
INSERT IGNORE INTO ESTUDIANTE (EST_ID, EST_DNI, EST_NOM, EST_NOM2, EST_APE, EST_APE2, EST_FECH_NAC, EST_GEN, EST_PRV, EST_CAN, EST_PARR, EST_DIR, EST_NAC, EST_ETN, EST_NAC_ETN, EST_COM_ETN, EST_COD_ELE, EST_NEC_ASO_DIS, EST_NEC_NO_ASO_DIS, EST_ENF_CAT, EST_NUM_CONA, EST_INTE, EST_TV, EST_RAD, EST_PC, EST_CEL, REL_EST_REP, REPR_ID, ESTADO) values ('4bb2e6fc-d3b4-447e-955c-8ed7aa533877', '6352052614', 'Trixi', 'Flossi', 'Van Oort', 'Fuentez', '1927-07-24', 'F', 'Virginia', 'Florida', 'Tennessee', '3 Heffernan Court', 'United States', 'Ethnicity3', 'Nationality2', 'Community2', 'Code2', false, false, false, 9252376591, false, false, false, false, true, 'Relationship1', 'c1b200c2-df85-44d9-9bed-3ed2353e3703', true);
INSERT IGNORE INTO ESTUDIANTE (EST_ID, EST_DNI, EST_NOM, EST_NOM2, EST_APE, EST_APE2, EST_FECH_NAC, EST_GEN, EST_PRV, EST_CAN, EST_PARR, EST_DIR, EST_NAC, EST_ETN, EST_NAC_ETN, EST_COM_ETN, EST_COD_ELE, EST_NEC_ASO_DIS, EST_NEC_NO_ASO_DIS, EST_ENF_CAT, EST_NUM_CONA, EST_INTE, EST_TV, EST_RAD, EST_PC, EST_CEL, REL_EST_REP, REPR_ID, ESTADO) values ('29abee2c-5ec6-4f9f-9097-4535a79d792b', '7352098941', 'Coletta', 'Tami', 'Gurton', 'Stygall', '1973-06-13', 'F', 'Arizona', 'Kentucky', 'Indiana', '31022 Kipling Place', 'United States', 'Ethnicity3', 'Nationality1', 'Community1', 'Code2', true, false, true, 2680966474, false, false, true, true, false, 'Relationship1', '1858b6f8-be0e-4251-9557-321bffe7ccf5', true);
INSERT IGNORE INTO ESTUDIANTE (EST_ID, EST_DNI, EST_NOM, EST_NOM2, EST_APE, EST_APE2, EST_FECH_NAC, EST_GEN, EST_PRV, EST_CAN, EST_PARR, EST_DIR, EST_NAC, EST_ETN, EST_NAC_ETN, EST_COM_ETN, EST_COD_ELE, EST_NEC_ASO_DIS, EST_NEC_NO_ASO_DIS, EST_ENF_CAT, EST_NUM_CONA, EST_INTE, EST_TV, EST_RAD, EST_PC, EST_CEL, REL_EST_REP, REPR_ID, ESTADO) values ('971dd952-0123-438e-b524-b25ec96cb902', '9928357307', 'Samara', 'Julina', 'Grzelczyk', 'Gonzales', '1921-05-25', 'F', 'Florida', 'Nevada', 'Texas', '976 Waxwing Junction', 'United States', 'Ethnicity3', 'Nationality1', 'Community2', 'Code1', false, false, true, 4978528728, true, true, true, false, false, 'Relationship3', '17c73055-ba16-467f-a444-df0964e14303', false);
INSERT IGNORE INTO ESTUDIANTE (EST_ID, EST_DNI, EST_NOM, EST_NOM2, EST_APE, EST_APE2, EST_FECH_NAC, EST_GEN, EST_PRV, EST_CAN, EST_PARR, EST_DIR, EST_NAC, EST_ETN, EST_NAC_ETN, EST_COM_ETN, EST_COD_ELE, EST_NEC_ASO_DIS, EST_NEC_NO_ASO_DIS, EST_ENF_CAT, EST_NUM_CONA, EST_INTE, EST_TV, EST_RAD, EST_PC, EST_CEL, REL_EST_REP, REPR_ID, ESTADO) values ('9a688343-8f2c-4f5a-8701-11056c4ca684', '0035731060', 'Corena', 'Ammamaria', 'Webley', 'Crummie', '1967-05-05', 'F', 'Tennessee', 'Florida', 'Arkansas', '4 Dapin Drive', 'United States', 'Ethnicity2', 'Nationality3', 'Community1', 'Code2', false, true, false, 7974380642, true, true, true, true, true, 'Relationship1', 'ec2c9087-9f56-4414-a89c-44d91b9fea9b', true);
INSERT IGNORE INTO ESTUDIANTE (EST_ID, EST_DNI, EST_NOM, EST_NOM2, EST_APE, EST_APE2, EST_FECH_NAC, EST_GEN, EST_PRV, EST_CAN, EST_PARR, EST_DIR, EST_NAC, EST_ETN, EST_NAC_ETN, EST_COM_ETN, EST_COD_ELE, EST_NEC_ASO_DIS, EST_NEC_NO_ASO_DIS, EST_ENF_CAT, EST_NUM_CONA, EST_INTE, EST_TV, EST_RAD, EST_PC, EST_CEL, REL_EST_REP, REPR_ID, ESTADO) values ('1d66a933-28ff-4d6f-9ebc-d284e4a5cbfc', '3477425596', 'Pall', 'Zack', 'Grivori', 'Le Brom', '1939-11-13', 'M', 'Virginia', 'New York', 'Minnesota', '79350 Aberg Street', 'United States', 'Ethnicity1', 'Nationality2', 'Community2', 'Code3', true, false, false, 2202264104, false, false, false, true, true, 'Relationship2', '9c2bf28e-7e08-4d6e-9fe5-668d718048ba', false);
INSERT IGNORE INTO ESTUDIANTE (EST_ID, EST_DNI, EST_NOM, EST_NOM2, EST_APE, EST_APE2, EST_FECH_NAC, EST_GEN, EST_PRV, EST_CAN, EST_PARR, EST_DIR, EST_NAC, EST_ETN, EST_NAC_ETN, EST_COM_ETN, EST_COD_ELE, EST_NEC_ASO_DIS, EST_NEC_NO_ASO_DIS, EST_ENF_CAT, EST_NUM_CONA, EST_INTE, EST_TV, EST_RAD, EST_PC, EST_CEL, REL_EST_REP, REPR_ID, ESTADO) values ('aefa9827-9353-4d7b-99b9-f1d28ad4ee6d', '4785910518', 'Marcel', 'Krishnah', 'Hoyer', 'Izakof', '1945-09-11', 'M', 'Michigan', 'South Carolina', 'California', '3957 Glendale Point', 'United States', 'Ethnicity2', 'Nationality2', 'Community1', 'Code1', true, true, false, 8934773384, false, false, false, true, false, 'Relationship1', 'c94a1f2c-6a89-4500-b430-e303a750c898', true);
INSERT IGNORE INTO ESTUDIANTE (EST_ID, EST_DNI, EST_NOM, EST_NOM2, EST_APE, EST_APE2, EST_FECH_NAC, EST_GEN, EST_PRV, EST_CAN, EST_PARR, EST_DIR, EST_NAC, EST_ETN, EST_NAC_ETN, EST_COM_ETN, EST_COD_ELE, EST_NEC_ASO_DIS, EST_NEC_NO_ASO_DIS, EST_ENF_CAT, EST_NUM_CONA, EST_INTE, EST_TV, EST_RAD, EST_PC, EST_CEL, REL_EST_REP, REPR_ID, ESTADO) values ('ad254a67-90f2-421c-ab20-7c0cf6162a85', '8795180850', 'Marjorie', 'Ardisj', 'de Clerk', 'Aubry', '1932-11-19', 'F', 'Mississippi', 'California', 'Ohio', '09066 Fieldstone Crossing', 'United States', 'Ethnicity2', 'Nationality3', 'Community1', 'Code3', true, false, true, 2177186014, false, false, false, true, false, 'Relationship1', 'e93f0c81-d964-4f18-abdb-615a74bf27b6', true);
INSERT IGNORE INTO ESTUDIANTE (EST_ID, EST_DNI, EST_NOM, EST_NOM2, EST_APE, EST_APE2, EST_FECH_NAC, EST_GEN, EST_PRV, EST_CAN, EST_PARR, EST_DIR, EST_NAC, EST_ETN, EST_NAC_ETN, EST_COM_ETN, EST_COD_ELE, EST_NEC_ASO_DIS, EST_NEC_NO_ASO_DIS, EST_ENF_CAT, EST_NUM_CONA, EST_INTE, EST_TV, EST_RAD, EST_PC, EST_CEL, REL_EST_REP, REPR_ID, ESTADO) values ('06de2feb-c82d-462c-807c-6dfa646d02e7', '5074524520', 'Aldis', 'Edvard', 'Mourbey', 'Skunes', '1983-12-20', 'M', 'South Carolina', 'Ohio', 'Virginia', '1798 Fremont Avenue', 'United States', 'Ethnicity3', 'Nationality2', 'Community1', 'Code1', false, false, false, 5784062611, true, false, false, false, true, 'Relationship3', 'ecf40f09-9c49-46ed-8e1c-3b0fbd3dbc96', false);
INSERT IGNORE INTO ESTUDIANTE (EST_ID, EST_DNI, EST_NOM, EST_NOM2, EST_APE, EST_APE2, EST_FECH_NAC, EST_GEN, EST_PRV, EST_CAN, EST_PARR, EST_DIR, EST_NAC, EST_ETN, EST_NAC_ETN, EST_COM_ETN, EST_COD_ELE, EST_NEC_ASO_DIS, EST_NEC_NO_ASO_DIS, EST_ENF_CAT, EST_NUM_CONA, EST_INTE, EST_TV, EST_RAD, EST_PC, EST_CEL, REL_EST_REP, REPR_ID, ESTADO) values ('b4f6a0ab-c1ab-4e73-a342-9e4253bea5b0', '5314401681', 'Standford', 'Kerry', 'O''Mullaney', 'Wysome', '1939-09-13', 'M', 'Illinois', 'Arizona', 'California', '45 Goodland Avenue', 'United States', 'Ethnicity1', 'Nationality2', 'Community1', 'Code1', false, false, true, 113328759, false, true, false, true, false, 'Relationship1', 'a8ace72a-77b1-456c-a2dc-c5c3799407e9', false);
INSERT IGNORE INTO ESTUDIANTE (EST_ID, EST_DNI, EST_NOM, EST_NOM2, EST_APE, EST_APE2, EST_FECH_NAC, EST_GEN, EST_PRV, EST_CAN, EST_PARR, EST_DIR, EST_NAC, EST_ETN, EST_NAC_ETN, EST_COM_ETN, EST_COD_ELE, EST_NEC_ASO_DIS, EST_NEC_NO_ASO_DIS, EST_ENF_CAT, EST_NUM_CONA, EST_INTE, EST_TV, EST_RAD, EST_PC, EST_CEL, REL_EST_REP, REPR_ID, ESTADO) values ('3bedc0cc-3c6a-4d42-8746-31fb51740570', '2457146356', 'Inna', 'Clerissa', 'Schultz', 'Cunrado', '1986-10-19', 'F', 'California', 'Texas', 'California', '630 Northridge Place', 'United States', 'Ethnicity3', 'Nationality3', 'Community3', 'Code3', true, false, false, 451417348, false, false, false, true, true, 'Relationship3', '09fa7882-d5da-4531-8c82-aca8764977d8', true);
INSERT IGNORE INTO ESTUDIANTE (EST_ID, EST_DNI, EST_NOM, EST_NOM2, EST_APE, EST_APE2, EST_FECH_NAC, EST_GEN, EST_PRV, EST_CAN, EST_PARR, EST_DIR, EST_NAC, EST_ETN, EST_NAC_ETN, EST_COM_ETN, EST_COD_ELE, EST_NEC_ASO_DIS, EST_NEC_NO_ASO_DIS, EST_ENF_CAT, EST_NUM_CONA, EST_INTE, EST_TV, EST_RAD, EST_PC, EST_CEL, REL_EST_REP, REPR_ID, ESTADO) values ('ce2773a1-a1da-4abe-937c-dba94196ed90', '1663251029', 'Cathyleen', 'Allianora', 'Milleton', 'Ughelli', '1916-05-27', 'F', 'Georgia', 'North Carolina', 'North Carolina', '7 Starling Park', 'United States', 'Ethnicity3', 'Nationality1', 'Community3', 'Code2', false, true, true, 6138799535, false, true, false, false, false, 'Relationship2', 'ffbccb51-bff1-49ad-9829-94757e584fae', true);
INSERT IGNORE INTO ESTUDIANTE (EST_ID, EST_DNI, EST_NOM, EST_NOM2, EST_APE, EST_APE2, EST_FECH_NAC, EST_GEN, EST_PRV, EST_CAN, EST_PARR, EST_DIR, EST_NAC, EST_ETN, EST_NAC_ETN, EST_COM_ETN, EST_COD_ELE, EST_NEC_ASO_DIS, EST_NEC_NO_ASO_DIS, EST_ENF_CAT, EST_NUM_CONA, EST_INTE, EST_TV, EST_RAD, EST_PC, EST_CEL, REL_EST_REP, REPR_ID, ESTADO) values ('95f5c75c-fc9f-4abd-bc70-db044098f974', '9416017531', 'Luella', 'Phelia', 'Enticott', 'Addicott', '1985-02-11', 'F', 'Virginia', 'Indiana', 'Florida', '80 Schmedeman Park', 'United States', 'Ethnicity3', 'Nationality1', 'Community1', 'Code2', true, true, false, 626578995, true, true, false, false, true, 'Relationship3', '2db69051-0bfe-424e-acb4-271f20489efa', true);
INSERT IGNORE INTO ESTUDIANTE (EST_ID, EST_DNI, EST_NOM, EST_NOM2, EST_APE, EST_APE2, EST_FECH_NAC, EST_GEN, EST_PRV, EST_CAN, EST_PARR, EST_DIR, EST_NAC, EST_ETN, EST_NAC_ETN, EST_COM_ETN, EST_COD_ELE, EST_NEC_ASO_DIS, EST_NEC_NO_ASO_DIS, EST_ENF_CAT, EST_NUM_CONA, EST_INTE, EST_TV, EST_RAD, EST_PC, EST_CEL, REL_EST_REP, REPR_ID, ESTADO) values ('a51ae00f-5b58-499d-8d60-0d97e0598423', '7136893372', 'Wendel', 'Alford', 'Caldow', 'McFade', '1928-12-11', 'M', 'California', 'District of Columbia', 'Washington', '7 Drewry Center', 'United States', 'Ethnicity2', 'Nationality3', 'Community2', 'Code1', false, true, false, 8378219295, false, true, true, true, true, 'Relationship3', 'eed35316-80ee-4c60-a10c-bf30c941d03b', false);
INSERT IGNORE INTO ESTUDIANTE (EST_ID, EST_DNI, EST_NOM, EST_NOM2, EST_APE, EST_APE2, EST_FECH_NAC, EST_GEN, EST_PRV, EST_CAN, EST_PARR, EST_DIR, EST_NAC, EST_ETN, EST_NAC_ETN, EST_COM_ETN, EST_COD_ELE, EST_NEC_ASO_DIS, EST_NEC_NO_ASO_DIS, EST_ENF_CAT, EST_NUM_CONA, EST_INTE, EST_TV, EST_RAD, EST_PC, EST_CEL, REL_EST_REP, REPR_ID, ESTADO) values ('34cd0b75-bf12-4b6e-8b84-f7e8bfccd8ec', '9220804913', 'Salomone', 'Aguste', 'MacComiskey', 'Tebbett', '1924-07-27', 'M', 'South Carolina', 'Ohio', 'Kentucky', '55 Barnett Road', 'United States', 'Ethnicity1', 'Nationality2', 'Community2', 'Code2', false, true, true, 994563620, true, false, true, false, false, 'Relationship1', 'b76efa8a-d34e-4326-b1da-fedfd3789cfb', true);
INSERT IGNORE INTO ESTUDIANTE (EST_ID, EST_DNI, EST_NOM, EST_NOM2, EST_APE, EST_APE2, EST_FECH_NAC, EST_GEN, EST_PRV, EST_CAN, EST_PARR, EST_DIR, EST_NAC, EST_ETN, EST_NAC_ETN, EST_COM_ETN, EST_COD_ELE, EST_NEC_ASO_DIS, EST_NEC_NO_ASO_DIS, EST_ENF_CAT, EST_NUM_CONA, EST_INTE, EST_TV, EST_RAD, EST_PC, EST_CEL, REL_EST_REP, REPR_ID, ESTADO) values ('13c8c185-26a0-4053-a4c5-e6b994bd8bd0', '0839416091', 'Patrizius', 'Justen', 'Blankman', 'Milmith', '1958-04-21', 'M', 'Virginia', 'North Carolina', 'Missouri', '330 Northridge Pass', 'United States', 'Ethnicity1', 'Nationality3', 'Community3', 'Code1', true, true, true, 3922190172, true, false, true, true, true, 'Relationship2', 'efdaa01c-d483-4cf2-a416-503f2edc1478', false);
INSERT IGNORE INTO ESTUDIANTE (EST_ID, EST_DNI, EST_NOM, EST_NOM2, EST_APE, EST_APE2, EST_FECH_NAC, EST_GEN, EST_PRV, EST_CAN, EST_PARR, EST_DIR, EST_NAC, EST_ETN, EST_NAC_ETN, EST_COM_ETN, EST_COD_ELE, EST_NEC_ASO_DIS, EST_NEC_NO_ASO_DIS, EST_ENF_CAT, EST_NUM_CONA, EST_INTE, EST_TV, EST_RAD, EST_PC, EST_CEL, REL_EST_REP, REPR_ID, ESTADO) values ('9c196f2c-e94d-498c-a596-94839bcbf340', '3937999957', 'Cherey', 'Corie', 'Tropman', 'MacKeague', '1951-10-11', 'F', 'Minnesota', 'California', 'New York', '1895 Burrows Crossing', 'United States', 'Ethnicity3', 'Nationality2', 'Community3', 'Code1', false, false, false, 8038326121, false, false, true, true, false, 'Relationship1', 'a2e8ce28-6503-4628-aac5-92c5da321228', true);
INSERT IGNORE INTO ESTUDIANTE (EST_ID, EST_DNI, EST_NOM, EST_NOM2, EST_APE, EST_APE2, EST_FECH_NAC, EST_GEN, EST_PRV, EST_CAN, EST_PARR, EST_DIR, EST_NAC, EST_ETN, EST_NAC_ETN, EST_COM_ETN, EST_COD_ELE, EST_NEC_ASO_DIS, EST_NEC_NO_ASO_DIS, EST_ENF_CAT, EST_NUM_CONA, EST_INTE, EST_TV, EST_RAD, EST_PC, EST_CEL, REL_EST_REP, REPR_ID, ESTADO) values ('30ed51b6-4c3f-4af0-837b-951045a869d1', '8293583711', 'Nata', 'Fawn', 'Konke', 'Stemson', '1944-04-04', 'F', 'New Jersey', 'Kansas', 'Indiana', '7 Eastlawn Drive', 'United States', 'Ethnicity3', 'Nationality2', 'Community3', 'Code1', true, true, false, 5196501301, false, false, false, true, false, 'Relationship3', '5f513cbb-a4e3-43ff-9dc3-da4ef965f58e', false);
INSERT IGNORE INTO ESTUDIANTE (EST_ID, EST_DNI, EST_NOM, EST_NOM2, EST_APE, EST_APE2, EST_FECH_NAC, EST_GEN, EST_PRV, EST_CAN, EST_PARR, EST_DIR, EST_NAC, EST_ETN, EST_NAC_ETN, EST_COM_ETN, EST_COD_ELE, EST_NEC_ASO_DIS, EST_NEC_NO_ASO_DIS, EST_ENF_CAT, EST_NUM_CONA, EST_INTE, EST_TV, EST_RAD, EST_PC, EST_CEL, REL_EST_REP, REPR_ID, ESTADO) values ('60b7dab3-2f5b-4706-b0d7-61b8344ea9e5', '2591496110', 'Nollie', 'Nathaniel', 'De Castri', 'Capelle', '1917-02-19', 'M', 'Indiana', 'Michigan', 'Georgia', '41 Hollow Ridge Drive', 'United States', 'Ethnicity3', 'Nationality2', 'Community3', 'Code2', true, true, true, 4772314134, true, false, true, false, true, 'Relationship3', 'efdaa01c-d483-4cf2-a416-503f2edc1478', false);
INSERT IGNORE INTO ESTUDIANTE (EST_ID, EST_DNI, EST_NOM, EST_NOM2, EST_APE, EST_APE2, EST_FECH_NAC, EST_GEN, EST_PRV, EST_CAN, EST_PARR, EST_DIR, EST_NAC, EST_ETN, EST_NAC_ETN, EST_COM_ETN, EST_COD_ELE, EST_NEC_ASO_DIS, EST_NEC_NO_ASO_DIS, EST_ENF_CAT, EST_NUM_CONA, EST_INTE, EST_TV, EST_RAD, EST_PC, EST_CEL, REL_EST_REP, REPR_ID, ESTADO) values ('8296d1b2-14f8-41e0-9458-32800e0b7adc', '5105390458', 'Anne-marie', 'Vivie', 'Josephov', 'Maginot', '2000-03-05', 'F', 'Connecticut', 'Florida', 'Nevada', '43 Goodland Way', 'United States', 'Ethnicity3', 'Nationality1', 'Community1', 'Code2', true, false, false, 558548192, true, true, true, false, false, 'Relationship2', '27a7a9d3-4511-4fa9-89ff-6fd33f1444da', false);
INSERT IGNORE INTO ESTUDIANTE (EST_ID, EST_DNI, EST_NOM, EST_NOM2, EST_APE, EST_APE2, EST_FECH_NAC, EST_GEN, EST_PRV, EST_CAN, EST_PARR, EST_DIR, EST_NAC, EST_ETN, EST_NAC_ETN, EST_COM_ETN, EST_COD_ELE, EST_NEC_ASO_DIS, EST_NEC_NO_ASO_DIS, EST_ENF_CAT, EST_NUM_CONA, EST_INTE, EST_TV, EST_RAD, EST_PC, EST_CEL, REL_EST_REP, REPR_ID, ESTADO) values ('05135ad9-1d59-4f44-9c8d-ff56f65f626e', '4299994736', 'Pierson', 'Terencio', 'Ashborne', 'Ajsik', '1906-05-12', 'M', 'West Virginia', 'Missouri', 'Florida', '62 Bartelt Avenue', 'United States', 'Ethnicity1', 'Nationality3', 'Community3', 'Code1', true, false, false, 928601659, true, false, true, false, true, 'Relationship1', 'c94a1f2c-6a89-4500-b430-e303a750c898', false);
INSERT IGNORE INTO ESTUDIANTE (EST_ID, EST_DNI, EST_NOM, EST_NOM2, EST_APE, EST_APE2, EST_FECH_NAC, EST_GEN, EST_PRV, EST_CAN, EST_PARR, EST_DIR, EST_NAC, EST_ETN, EST_NAC_ETN, EST_COM_ETN, EST_COD_ELE, EST_NEC_ASO_DIS, EST_NEC_NO_ASO_DIS, EST_ENF_CAT, EST_NUM_CONA, EST_INTE, EST_TV, EST_RAD, EST_PC, EST_CEL, REL_EST_REP, REPR_ID, ESTADO) values ('8a2d345b-f923-41a0-881d-6a768def2a0b', '9181147929', 'Pietro', 'Jessie', 'Shobbrook', 'Lilloe', '1918-12-15', 'M', 'North Carolina', 'Pennsylvania', 'New York', '63303 Commercial Plaza', 'United States', 'Ethnicity3', 'Nationality3', 'Community3', 'Code2', true, false, false, 6929118966, true, false, true, false, true, 'Relationship2', 'd946d5a1-854a-408c-947a-b491756c8b65', true);
INSERT IGNORE INTO ESTUDIANTE (EST_ID, EST_DNI, EST_NOM, EST_NOM2, EST_APE, EST_APE2, EST_FECH_NAC, EST_GEN, EST_PRV, EST_CAN, EST_PARR, EST_DIR, EST_NAC, EST_ETN, EST_NAC_ETN, EST_COM_ETN, EST_COD_ELE, EST_NEC_ASO_DIS, EST_NEC_NO_ASO_DIS, EST_ENF_CAT, EST_NUM_CONA, EST_INTE, EST_TV, EST_RAD, EST_PC, EST_CEL, REL_EST_REP, REPR_ID, ESTADO) values ('00302325-692b-4038-8a52-7e205d0046be', '5664925310', 'Artemis', 'Paul', 'Hellings', 'Dimitresco', '1977-09-11', 'M', 'New York', 'Texas', 'Utah', '66 Main Lane', 'United States', 'Ethnicity3', 'Nationality3', 'Community3', 'Code3', false, false, true, 3699777413, true, false, false, true, true, 'Relationship3', '30074dd9-599c-48e3-9195-8946569628b3', true);
INSERT IGNORE INTO ESTUDIANTE (EST_ID, EST_DNI, EST_NOM, EST_NOM2, EST_APE, EST_APE2, EST_FECH_NAC, EST_GEN, EST_PRV, EST_CAN, EST_PARR, EST_DIR, EST_NAC, EST_ETN, EST_NAC_ETN, EST_COM_ETN, EST_COD_ELE, EST_NEC_ASO_DIS, EST_NEC_NO_ASO_DIS, EST_ENF_CAT, EST_NUM_CONA, EST_INTE, EST_TV, EST_RAD, EST_PC, EST_CEL, REL_EST_REP, REPR_ID, ESTADO) values ('02d48ac2-32a7-41f6-8398-bf885c8935c0', '9236955878', 'Mendel', 'Eli', 'Sleith', 'Petegree', '1988-09-02', 'M', 'Colorado', 'Ohio', 'New York', '5 Michigan Junction', 'United States', 'Ethnicity3', 'Nationality2', 'Community2', 'Code1', false, false, true, 8798713732, false, false, true, false, true, 'Relationship2', 'f36c1bb4-6cd9-485f-8aef-4608610d190b', false);
INSERT IGNORE INTO ESTUDIANTE (EST_ID, EST_DNI, EST_NOM, EST_NOM2, EST_APE, EST_APE2, EST_FECH_NAC, EST_GEN, EST_PRV, EST_CAN, EST_PARR, EST_DIR, EST_NAC, EST_ETN, EST_NAC_ETN, EST_COM_ETN, EST_COD_ELE, EST_NEC_ASO_DIS, EST_NEC_NO_ASO_DIS, EST_ENF_CAT, EST_NUM_CONA, EST_INTE, EST_TV, EST_RAD, EST_PC, EST_CEL, REL_EST_REP, REPR_ID, ESTADO) values ('ba055c48-594d-46e0-9408-0aa9f6eae686', '2173072560', 'Tanny', 'Leif', 'Skpsey', 'Trever', '1922-01-13', 'M', 'Iowa', 'Florida', 'Florida', '50159 Hintze Drive', 'United States', 'Ethnicity1', 'Nationality1', 'Community3', 'Code3', false, false, true, 4730203984, true, true, false, true, false, 'Relationship2', 'd4ce3cc5-1a6d-4ea3-9ab6-443c7c50804f', true);
INSERT IGNORE INTO ESTUDIANTE (EST_ID, EST_DNI, EST_NOM, EST_NOM2, EST_APE, EST_APE2, EST_FECH_NAC, EST_GEN, EST_PRV, EST_CAN, EST_PARR, EST_DIR, EST_NAC, EST_ETN, EST_NAC_ETN, EST_COM_ETN, EST_COD_ELE, EST_NEC_ASO_DIS, EST_NEC_NO_ASO_DIS, EST_ENF_CAT, EST_NUM_CONA, EST_INTE, EST_TV, EST_RAD, EST_PC, EST_CEL, REL_EST_REP, REPR_ID, ESTADO) values ('a3c15b90-fd92-41d8-90fb-3e85a83c989c', '1941261078', 'Daryle', 'Beaufort', 'Wrangle', 'Overel', '1949-03-11', 'M', 'Kansas', 'Florida', 'Arkansas', '1 Petterle Plaza', 'United States', 'Ethnicity3', 'Nationality3', 'Community3', 'Code1', true, true, true, 4439010375, true, false, false, true, false, 'Relationship2', 'd946d5a1-854a-408c-947a-b491756c8b65', true);
INSERT IGNORE INTO ESTUDIANTE (EST_ID, EST_DNI, EST_NOM, EST_NOM2, EST_APE, EST_APE2, EST_FECH_NAC, EST_GEN, EST_PRV, EST_CAN, EST_PARR, EST_DIR, EST_NAC, EST_ETN, EST_NAC_ETN, EST_COM_ETN, EST_COD_ELE, EST_NEC_ASO_DIS, EST_NEC_NO_ASO_DIS, EST_ENF_CAT, EST_NUM_CONA, EST_INTE, EST_TV, EST_RAD, EST_PC, EST_CEL, REL_EST_REP, REPR_ID, ESTADO) values ('e91d2706-db96-4a39-9ae9-fcf8e5320d01', '1021231207', 'Aubrey', 'Geri', 'Hinstock', 'Machans', '1978-07-08', 'M', 'Iowa', 'Virginia', 'Ohio', '490 Paget Court', 'United States', 'Ethnicity2', 'Nationality3', 'Community3', 'Code1', true, true, false, 3575969358, false, false, false, true, true, 'Relationship1', 'e93f0c81-d964-4f18-abdb-615a74bf27b6', false);
INSERT IGNORE INTO ESTUDIANTE (EST_ID, EST_DNI, EST_NOM, EST_NOM2, EST_APE, EST_APE2, EST_FECH_NAC, EST_GEN, EST_PRV, EST_CAN, EST_PARR, EST_DIR, EST_NAC, EST_ETN, EST_NAC_ETN, EST_COM_ETN, EST_COD_ELE, EST_NEC_ASO_DIS, EST_NEC_NO_ASO_DIS, EST_ENF_CAT, EST_NUM_CONA, EST_INTE, EST_TV, EST_RAD, EST_PC, EST_CEL, REL_EST_REP, REPR_ID, ESTADO) values ('05d58703-e8c7-489a-9884-71d9a649561e', '0824419987', 'Quincy', 'Claybourne', 'Durrance', 'Workes', '1958-08-28', 'M', 'Texas', 'Illinois', 'Georgia', '27 Ryan Way', 'United States', 'Ethnicity2', 'Nationality1', 'Community2', 'Code3', true, true, true, 7767737965, false, false, true, false, true, 'Relationship1', 'ec2c9087-9f56-4414-a89c-44d91b9fea9b', false);
INSERT IGNORE INTO ESTUDIANTE (EST_ID, EST_DNI, EST_NOM, EST_NOM2, EST_APE, EST_APE2, EST_FECH_NAC, EST_GEN, EST_PRV, EST_CAN, EST_PARR, EST_DIR, EST_NAC, EST_ETN, EST_NAC_ETN, EST_COM_ETN, EST_COD_ELE, EST_NEC_ASO_DIS, EST_NEC_NO_ASO_DIS, EST_ENF_CAT, EST_NUM_CONA, EST_INTE, EST_TV, EST_RAD, EST_PC, EST_CEL, REL_EST_REP, REPR_ID, ESTADO) values ('d1a69802-a7c4-4cf5-a270-a0c03ebd0fd0', '1435429400', 'Earvin', 'Hercules', 'Jenik', 'Rainville', '1969-06-22', 'M', 'Indiana', 'District of Columbia', 'Texas', '5 Boyd Junction', 'United States', 'Ethnicity2', 'Nationality1', 'Community2', 'Code3', true, false, false, 7079072553, true, false, false, true, true, 'Relationship2', 'b9b3a7c8-2e2d-498b-a2e8-a028a879cf3f', false);
INSERT IGNORE INTO ESTUDIANTE (EST_ID, EST_DNI, EST_NOM, EST_NOM2, EST_APE, EST_APE2, EST_FECH_NAC, EST_GEN, EST_PRV, EST_CAN, EST_PARR, EST_DIR, EST_NAC, EST_ETN, EST_NAC_ETN, EST_COM_ETN, EST_COD_ELE, EST_NEC_ASO_DIS, EST_NEC_NO_ASO_DIS, EST_ENF_CAT, EST_NUM_CONA, EST_INTE, EST_TV, EST_RAD, EST_PC, EST_CEL, REL_EST_REP, REPR_ID, ESTADO) values ('e278137e-9d8a-43b4-ac18-d913f8199596', '4356490630', 'Reade', 'Alwin', 'Kenwright', 'Polendine', '1983-03-10', 'M', 'California', 'Pennsylvania', 'North Carolina', '8 Banding Circle', 'United States', 'Ethnicity3', 'Nationality2', 'Community3', 'Code3', true, true, true, 19174226, false, false, true, true, true, 'Relationship2', '0a4a826d-74a2-4f82-9b79-58722a318a97', false);
INSERT IGNORE INTO PARALELO (PRLL_ID, PRLL_NOM, ESTADO) values ('f950c90e-952a-4b86-a467-6604eb87e75e', 'A', true);
INSERT IGNORE INTO PARALELO (PRLL_ID, PRLL_NOM, ESTADO) values ('44128dc2-ada2-49dd-867c-eeef335e79b6', 'B', true);
INSERT IGNORE INTO PARALELO (PRLL_ID, PRLL_NOM, ESTADO) values ('302d3b7d-d58d-46a0-99ff-bb10319d2bcf', 'C', true);
INSERT IGNORE INTO PARALELO (PRLL_ID, PRLL_NOM, ESTADO) values ('f5b0b7d5-2b48-4c88-893d-a4db0c025f1b', 'D', true);
INSERT IGNORE INTO PARALELO (PRLL_ID, PRLL_NOM, ESTADO) values ('79ed93ee-02a3-4310-bdee-61e42516d992', 'E', true);
INSERT IGNORE INTO PARALELO (PRLL_ID, PRLL_NOM, ESTADO) values ('42214b92-17d8-4505-8592-7362c3abe55d', 'F', true);
INSERT IGNORE INTO PARALELO (PRLL_ID, PRLL_NOM, ESTADO) values ('161ce155-6fef-4f8b-9ad5-d7a47f24910d', 'G', true);
INSERT IGNORE INTO PARALELO (PRLL_ID, PRLL_NOM, ESTADO) values ('aa70428f-16b0-4f2c-bdbb-e3664d5f1912', 'H', true);
INSERT IGNORE INTO PARALELO (PRLL_ID, PRLL_NOM, ESTADO) values ('a7ef7e89-c398-4fc6-aa39-23f695494a23', 'I', true);
INSERT IGNORE INTO PARALELO (PRLL_ID, PRLL_NOM, ESTADO) values ('a8cd9ac1-f344-4df4-9909-0e3e9b429b1b', 'J', true);

UPDATE `usuario` SET `USR_PSWD`='U2FsdGVkX19VTz/GYGtYPxjERLIw8BIxPZvwL7m9J2E=';
UPDATE `usuario` SET `FA_KEY`='IQWGIQKGPI4XEVD3O4XVWOD3EU3C452MMQ7EIPB4EUVE6MZ6FFBQ';
-- Para DA (Domina los aprendizajes requeridos)
INSERT INTO `escalas_referenciales_calificaciones` (`ESCL_ID`, `ESCL_ABRV`, `ESCL_DESCR`, `ESCL_INI`, `ESCL_FIN`, `ESTADO`)
VALUES (UUID(), 'DA', 'Domina los aprendizajes requeridos', '9.00', '10.00', '1');

-- Para AA (Alcanza los aprendizajes requeridos)
INSERT INTO `escalas_referenciales_calificaciones` (`ESCL_ID`, `ESCL_ABRV`, `ESCL_DESCR`, `ESCL_INI`, `ESCL_FIN`, `ESTADO`)
VALUES (UUID(), 'AA', 'Alcanza los aprendizajes requeridos', '7.00', '8.99', '1');

-- Para PA (Prximo a alcanzar los aprendizajes requeridos)
INSERT INTO `escalas_referenciales_calificaciones` (`ESCL_ID`, `ESCL_ABRV`, `ESCL_DESCR`, `ESCL_INI`, `ESCL_FIN`, `ESTADO`)
VALUES (UUID(), 'PA', 'Prximo a alcanzar los aprendizajes requeridos', '4.01', '6.99', '1');

-- Para NA (No alcanza los aprendizajes requeridos)
INSERT INTO `escalas_referenciales_calificaciones` (`ESCL_ID`, `ESCL_ABRV`, `ESCL_DESCR`, `ESCL_INI`, `ESCL_FIN`, `ESTADO`)
VALUES (UUID(), 'NA', 'No alcanza los aprendizajes requeridos', '0', '4.00', '1');
INSERT INTO `parametro`(`PRMT_ID`, `PRMT_NOM`, `PRMT_DESCR`, `PRMT_URL_IMG`, `ESTADO`) VALUES (uuid(),'LOGO','LOGO','URL',1);
INSERT INTO `parametro`(`PRMT_ID`, `PRMT_NOM`, `PRMT_DESCR`, `PRMT_URL_IMG`, `ESTADO`) VALUES (uuid(),'NOMBRE','UNIDAD EDUCATIVA FRAY BARTOLOM DE LAS CASAS','URL',1);
INSERT INTO `parametro`(`PRMT_ID`, `PRMT_NOM`, `PRMT_DESCR`, `PRMT_URL_IMG`, `ESTADO`) VALUES (uuid(),'VISION','Formar estudiantes con valores, conocimientos y habilidades para la vida, que contribuyan al desarrollo de la sociedad.','URL',1);
INSERT INTO `parametro`(`PRMT_ID`, `PRMT_NOM`, `PRMT_DESCR`, `PRMT_URL_IMG`, `ESTADO`) VALUES (uuid(),'MISION','Ser una institucin educativa lder en la formacin de estudiantes con valores, conocimientos y habilidades para la vida, que contribuyan al desarrollo de la sociedad.','URL',1);

